name,transcript,sample1,sample2,sample3,sample4,sample5,sample6,sample7
Gene28211,uc547729.2;uc954301.1,139.72,124.72,146.6,129.72,136.27,121.32,125.27
Gene29866,uc144535.3,128.98,124.43,148.4,135.68,136.11,141.94,141.3
Gene42984,uc804278.2,138.86,136.86,159.94,128.64,142.21,149.99,146.02
Gene46629,uc921399.2,149.53,127.09,131.12,148.37,140.17,123.73,135.59
Gene9233,uc176665.3;uc593070.3,132.01,134.81,148.6,125.23,122.63,140.83,130.24
Gene47612,uc736687.3,135.7,129.27,147.94,129.11,123.67,136.82,140.84
Gene44517,uc775764.2,129.54,147.18,131.4,135.75,124.4,140.68,145.24
Gene3981,uc935265.2;uc849472.1,120.82,126.83,144.3,126.77,123.57,142.98,128.67
Gene45942,uc303328.2;uc596920.1,147.88,128.13,130.78,131.04,121.32,126.86,124.66
Gene21760,uc902911.1,147.57,127.56,122.17,148.69,148.37,139.14,137.3
Gene24534,uc114378.3,135.95,127.68,142.37,133.18,135.09,134.23,120.57
Gene2124,uc173673.1;uc402849.2,139.4,141.8,136.37,149.45,139.87,122.79,145.98
Gene22449,uc402428.2;uc415820.1,124.97,125.96,137.79,129.8,147.15,138.57,126.66
Gene11852,uc719453.2;uc161707.2,121.02,135.97,140.52,125.81,128.76,131.42,136.25
Gene35831,uc210923.3,135.51,147.67,143.33,149.08,142.23,134.27,138.68
Gene2477,uc770250.3;uc903351.3,133.67,134.7,122.05,143.69,144.67,125.96,140.01
Gene1129,uc712952.3,127.12,121.75,140.99,129.77,148.26,142.47,135.61
Gene25147,uc560567.2;uc381143.1,131.75,122.92,133.38,133.05,122.28,130.17,124.26
Gene12706,uc236682.3,126.25,137.1,135.26,140.05,127.62,149.27,128.43
Gene6287,uc913061.2,135.56,146.29,124.78,137.76,143,146.31,134.23
Gene42852,uc907893.3;uc870363.2,142.05,136.25,144.71,139.99,124.35,120.31,145.19
Gene39288,uc950081.3,132.78,124.71,147.61,120.44,139.21,147.96,133.68
Gene29513,uc147311.3,140.59,127.1,127.72,125.48,142.03,149.26,133.36
Gene50263,uc841261.3,146.8,149.32,145.81,148.95,125.8,140.72,126.52
Gene47878,uc900829.2,123.08,120.15,148.04,145.97,132.96,137.48,126.52
Gene30296,uc988584.3,133.96,122.66,137.66,120.23,130.5,121.62,132.43
Gene30077,uc760459.1,137.82,145.5,124.3,137.65,144.89,140.09,141.35
Gene1748,uc369078.1,134.64,145.49,148.15,138.19,129.58,131.33,136
Gene4755,uc970024.3,124.72,123.38,142.05,144.21,134.24,125.93,125.03
Gene8255,uc757846.3,124.93,141.62,130.59,126.69,129.6,148.83,133.34
Gene4903,uc875362.1,145.45,137.35,149.66,122.99,133.18,135.09,138.95
Gene44522,uc411114.1,130.32,141.17,146.24,133.06,127.38,134.26,128.03
Gene44568,uc749661.3;uc489174.3,149.84,120.03,140.9,125.65,145.35,127.71,136.51
Gene8239,uc758209.2,131.44,132.65,131.9,131.37,149.88,140.72,134.06
Gene2602,uc822774.1;uc475613.1,130.19,146.72,149.36,140.51,145.79,120.56,135.08
Gene39269,uc526778.1;uc559554.2,146.29,148.97,126.47,130.6,136.56,131.53,130.77
Gene2814,uc541212.1;uc878294.1,149.9,122.01,123.08,135.94,148.69,130.85,139.75
Gene29448,uc923347.3,124.2,128.73,134.39,136.98,132.45,125.59,143.16
Gene49674,uc713687.1,141.95,135.84,145.2,145.7,134.95,131.63,139.8
Gene49339,uc162982.2,132.43,145.73,128.04,134.44,134.89,141.71,127.52
Gene39523,uc600881.2;uc380239.2,140.08,137.84,122.37,141.58,124.29,124.4,125.29
Gene31629,uc457510.1,122.81,127.78,138.52,145.09,146.01,147.62,142.89
Gene44802,uc872692.2;uc544468.1,123.85,121.37,139.42,139.94,143.18,136.46,141.29
Gene20382,uc932160.1;uc628570.3,120.16,141.32,121.41,147.34,120.24,143.6,128.68
Gene47070,uc463492.1,126.64,136.65,142.57,139.56,122.77,138.85,133.21
Gene41672,uc630184.2,126.88,144.49,128.61,131.16,126.52,125.04,121
Gene49364,uc755805.2,138.18,126.97,129.53,137.01,127.08,138.46,147.31
Gene31687,uc301451.3;uc372616.2,126.69,138.64,122.5,122.39,121.9,149.38,141.26
Gene22071,uc396046.1;uc292906.3,149.91,142.59,140.08,141.47,136.16,147.54,136.99
Gene29376,uc783027.1;uc369789.3,149.9,145.27,145.46,131.2,146.84,135.48,130.41
Gene44542,uc862705.2,121.2,132.8,127.81,143.4,125.67,149.44,139.3
Gene24056,uc239026.1,122.72,148.71,133.31,139.12,145.95,129.85,121.27
Gene29576,uc152809.3,133.9,122.45,142.32,121.27,147.81,137.19,143.07
Gene1897,uc940466.1,143.94,136.33,126.21,120.79,145.08,123.71,134.03
Gene4687,uc493540.2,138.91,128.42,123.54,144.73,128.32,141.9,145.6
Gene43276,uc229056.1;uc540144.3,124.42,127.01,137.9,138.86,137.53,130.73,137.79
Gene45669,uc888426.2,149.99,127.61,123.52,139.03,143.62,144.56,148.55
Gene40585,uc892171.2,141.42,136.63,143.78,135.55,128.58,145.21,148.07
Gene5056,uc636085.2,121.94,140.4,141.68,147.94,122.86,120.3,133.88
Gene41373,uc843832.1,140.23,135.85,128.02,129.02,120.32,129.51,132.65
Gene12279,uc397367.1,123.53,147.18,142.92,142.94,122.38,144.96,147.55
Gene36886,uc450311.3;uc745451.1,135.29,145.1,129.12,143.01,135.36,137.14,120.73
Gene44901,uc157374.3;uc210169.1,137.98,145.79,129.02,127.85,139.69,134.84,135.6
Gene43694,uc973021.3,131.42,135.45,149.14,141.42,140.62,141.75,134.72
Gene44945,uc685565.2,120.9,130.65,142.25,135.49,125.27,121.84,141.93
Gene13435,uc204496.2,122.23,128.35,132.22,141.28,129.74,127.7,144.22
Gene21714,uc958903.1;uc172957.3,138.61,138.65,127.27,148.99,130.51,141.83,149.95
Gene35287,uc652899.1,133.78,143.61,141.59,133.56,140.2,124.23,135.87
Gene29357,uc208753.2,142.96,130.37,133.13,138.24,149.04,127.54,134.82
Gene38392,uc446682.3,145.75,132.38,126.45,144.36,137.02,140.59,125.04
Gene20154,uc126620.3;uc129401.1,126.22,139.2,122.09,128.16,127.39,138.62,136.4
Gene15401,uc176330.3;uc123656.1,149.77,131.4,120.74,142.23,143.02,134.79,128.93
Gene43203,uc231059.2,147.65,122.31,121.21,126.06,140.61,128.93,122.86
Gene20928,uc442958.3;uc423626.1,122.04,136.68,141.4,131.16,140.57,129.84,123.36
Gene44857,uc801547.2,141.57,120.86,147.55,129.03,143.74,131.37,124.3
Gene6314,uc173625.3,126.93,140,137.84,137.54,127.45,132.29,146.1
Gene41139,uc995978.2;uc821004.1,122.6,141.98,127.97,134,143.77,133.93,140.54
Gene11962,uc119368.2,130.77,131.63,120.07,144.32,136.51,142.67,142.35
Gene14477,uc527679.2;uc266515.2,147.07,132.12,120.96,138.01,130.33,123.01,129.21
Gene28428,uc997692.1;uc333226.2,142.82,149.97,146.94,136.88,127.01,122.91,131.81
Gene47358,uc154710.1,134.37,129.89,141.79,143.19,149.57,126.26,128.78
Gene15892,uc500531.3;uc900646.2,141.27,132.75,140.93,127.35,138.68,143.16,131.23
Gene32169,uc937198.1,149.27,135.11,149.05,123.78,128.58,148.24,144.66
Gene26507,uc701669.3,146.35,122.97,141.69,137.37,120.27,129.16,149.96
Gene35629,uc108246.1,134.96,125.56,136.04,138.05,127.27,142,136.94
Gene27033,uc522081.1;uc635936.3,145.06,143.88,130.9,148.17,144.26,140.87,136.88
Gene16796,uc424573.1,141.18,120.03,121.07,135.23,148.69,125.67,144.71
Gene22931,uc283751.3;uc113082.1,137.52,131.02,147.11,120.02,148.44,136.37,145.64
Gene9564,uc522036.3,130.77,149.54,132.65,149.77,146.58,145.23,133.9
Gene25532,uc769642.3,124.84,131.23,146.77,149.82,140.25,126.38,136.36
Gene47459,uc955488.2,148.69,129.55,121.78,139.29,148.68,136.18,131.64
Gene40500,uc549060.3,141.12,140.96,123.49,149.98,133.45,140.76,139.24
Gene5677,uc795795.2,125.29,144.78,139.34,144.12,144.59,133.9,134.79
Gene44594,uc180705.3,128.73,138.91,128.47,134.1,145.71,141.51,125.8
Gene31960,uc222753.1,146.41,146.26,139.67,136.17,148.97,127.69,138.42
Gene23951,uc646451.2;uc539514.2,126.39,139.09,137.68,147.05,131.63,141.33,148.16
Gene17779,uc598466.1,131.43,135.28,131.27,127.94,123.85,134.48,130.97
Gene41302,uc542159.3;uc349232.1,136.27,123.3,149.83,140.08,123.99,145.39,133.53
Gene5075,uc221480.2,141.73,138.42,133.36,149.19,121.55,145.09,133
Gene38835,uc219069.1;uc666237.2,146.71,145.89,122.93,134.14,123.78,126.22,130.96
Gene39935,uc414032.3;uc366940.1,123.47,139.31,123.65,133.31,125.8,127.48,123.89
Gene8958,uc465843.2;uc311492.2,129.28,143.98,130.15,134.77,145.92,139.39,132.05
Gene2246,uc132811.2,120.27,124.2,133.99,127.39,133.16,127.89,137.19
Gene2048,uc327179.3;uc752500.1,143.69,145.69,131.66,141.53,139.8,148.35,141.29
Gene40721,uc821678.1,137.19,147.98,126.15,145.37,140.19,120.21,124.53
Gene38224,uc386723.1;uc980249.1,141.91,126.21,141.32,134.38,126.36,148.19,133.76
Gene42373,uc874823.2,123.39,120.42,144.31,137.63,120.97,142.17,143.39
Gene34416,uc407668.2,139.84,128.22,132.56,120.24,133.19,148.57,128.74
Gene40333,uc533909.2;uc718916.2,123.94,145.08,141.18,149.03,125.41,137.95,134.87
Gene27214,uc527991.2;uc257474.3,148.81,145.22,142.2,125.99,122.53,142.5,140.93
Gene21537,uc498774.3;uc423944.2,128.74,131.93,141.01,136.01,126.98,139.68,148.05
Gene30531,uc800037.2,143.47,142.42,121.58,146.39,133.25,143.42,139.88
Gene43969,uc636244.1;uc407049.1,134.58,128.13,139.45,131.44,138.48,136.61,130.55
Gene7389,uc862354.2,149.21,126.38,121.6,120.15,145.86,126.47,130.23
Gene28472,uc744989.2;uc868569.3,124.41,133.37,124.41,141.07,131.81,138.46,125.4
Gene5043,uc653812.1;uc503574.1,121.59,124.25,140.28,147.27,133.94,148.07,125.55
Gene10868,uc339024.1,134.35,130.25,146.73,132.11,141.86,126.31,149.69
Gene12920,uc876501.3,129.9,120.08,120.27,132.71,136.94,130.64,132.59
Gene38946,uc512568.1;uc753490.3,122.93,143.99,132.08,128.19,128.8,129.37,142.36
Gene7086,uc112960.1,141.04,122.52,139.84,149.3,136.16,132.85,123.42
Gene24251,uc782782.2;uc727563.1,129.89,120.18,145.67,122.62,137.67,142.93,124.33
Gene10805,uc704840.2,138.08,133.85,137.46,137.31,135.14,140.24,130.84
Gene36695,uc673962.2,125.02,136.93,124.66,149.96,147.9,132.73,145.38
Gene42047,uc311693.1,131.17,146.72,143.57,143.27,141.05,145.66,127.51
Gene27463,uc312028.3,121.49,129.49,141.61,127.25,121.37,128.32,144.39
Gene6928,uc375683.2,138.02,134.28,147.11,126.32,122.82,126.77,126.32
Gene3021,uc393630.3,145.47,126.9,147.92,142.03,132.89,145.13,144.2
Gene39449,uc375424.3;uc940204.2,121.65,134.2,121.33,144.71,144.31,131.19,143.84
Gene24738,uc586001.1,145.98,143.81,134.32,128.32,149.76,120.18,131.2
Gene41435,uc709927.2,139.98,135.35,125.93,137.34,139.02,126.06,131.06
Gene21455,uc174187.3;uc865549.3,137.06,127.72,148.58,146.68,141.07,137.66,140.24
Gene28877,uc983737.2;uc896829.3,123.79,141.18,137.39,125.36,147.44,131.61,132.22
Gene31415,uc137245.2,140.38,149.21,132.02,120.54,142.21,134.11,126.64
Gene21042,uc423322.3;uc965125.2,125.14,123.35,144.22,120.14,143.11,130.27,135.25
Gene1845,uc857811.2,130.42,136.81,147.92,144.92,130.56,133.56,127.5
Gene46068,uc624016.3,121.2,132.04,128.96,127.27,136.03,139.49,127.16
Gene15672,uc235014.1;uc961046.2,148.56,135.68,144.23,140.74,135.67,141.18,129.26
Gene2256,uc766342.2;uc123227.1,142.77,139.16,127.87,136.16,120.67,145.94,122.75
Gene6619,uc969904.1,125.84,127.64,140,125.77,147.98,123.61,136.56
Gene14074,uc449205.2;uc782254.2,131.39,125.94,142.57,148.55,136.03,138.37,147.91
Gene34870,uc779854.1,128.93,129.81,141.1,142.79,136.78,129.59,148.58
Gene31110,uc766907.1,146.44,126.03,129.7,133.26,129.37,147.22,147.98
Gene31843,uc450016.3,149.25,140.49,126.54,141.86,125.48,134.34,127.12
Gene31637,uc460995.1,127.36,124.42,142.34,143.44,139.15,139.66,144.45
Gene17951,uc921572.2;uc860835.1,124.38,125.66,133.56,131.71,120.27,144.33,129.7
Gene7988,uc687898.3,146.61,138.36,125.75,127.64,142.31,123.37,147.81
Gene37317,uc186145.2,138.36,125.33,134.27,147.49,125.4,135.73,140.57
Gene38227,uc570268.3,126.05,139.22,142.87,120.91,131.22,135,145.59
Gene30885,uc998010.1,140.21,127.92,137,125.6,143.3,123.29,145.04
Gene9804,uc653937.1,142.31,147.57,146.22,130.98,136.02,130.26,149.57
Gene27195,uc430666.1;uc146249.1,146.11,128.32,139.13,138.18,130.18,138.92,123.81
Gene28627,uc373084.2;uc716354.2,120.82,141.84,134.79,149.61,128.13,130.47,142.93
Gene45878,uc982146.2,143.28,149.94,145.16,141.64,121.13,142.02,133.16
Gene2540,uc102545.2;uc212104.3,137.78,141.49,123.25,133.7,131.27,130.62,120.48
Gene42436,uc597488.2;uc406840.2,137.51,121.98,140.54,138.87,149.05,147.31,127.36
Gene13882,uc952684.3,143.79,143.48,120.47,126.05,127.84,127.92,141.75
Gene23924,uc399986.3,147.92,146.09,147.96,143.08,123.63,137.01,141.57
Gene24090,uc387957.1,145.63,128.96,146.01,132.83,138.72,134.33,144.73
Gene30216,uc957021.1,122.75,142.23,124.92,140.13,147.25,131.99,132.06
Gene13701,uc985867.3;uc283699.3,144.27,143.04,131.66,147.17,120.32,146.5,138.31
Gene41778,uc132240.2,140.17,133.05,139.85,140.6,121.05,126.62,142.58
Gene36827,uc831523.3,145.55,132.09,145.77,149.54,148.35,133.59,135.53
Gene17899,uc432936.1;uc760630.2,148.56,125.28,130.63,134.46,132.27,127.41,132.94
Gene33148,uc225551.3,125.12,138.15,147.27,126.94,142.39,132.1,125.62
Gene36430,uc559148.2,129.23,145.64,128.51,125.68,135.24,132.18,127.89
Gene50778,uc440960.1;uc948107.1,138.92,139.73,121.38,124.36,126.23,137.74,120.49
Gene1179,uc488226.3,124.14,146.57,139.69,124.72,121.78,148.34,145.8
Gene33842,uc466277.2,138.89,126.37,120.18,127.6,122.98,143.83,120.47
Gene11940,uc502832.3,138.09,137.89,134.54,144.48,121.97,126.44,130.27
Gene16703,uc195371.1;uc182169.3,120.8,148.54,131.11,147.64,133.35,132.66,141.04
Gene25283,uc578752.1,141.41,120.46,142.29,134.57,121.98,135.6,120.42
Gene6765,uc788478.3,142.2,135.87,128.43,149.82,143.18,134.73,126.41
Gene1247,uc577186.3;uc440649.1,141.39,127.88,147.3,144.12,145.48,146.09,132.44
Gene40238,uc629991.3;uc860191.2,122.8,146.98,144.97,141.97,126.08,120.62,124.21
Gene30527,uc678126.1;uc429557.2,145.82,137.26,122.62,138.72,145,125.08,149.38
Gene40368,uc685193.2,141.06,143.78,142.15,145.4,133.69,146.03,121.44
Gene11795,uc520531.3;uc431929.2,125.27,123.38,136.52,139.15,127.99,122.46,128.97
Gene25919,uc576856.3,124.03,145.54,120.7,123.25,146.84,121.57,144.42
Gene26096,uc963775.1;uc715837.2,135.72,132.25,132.12,138.86,135.15,122.86,127.64
Gene34244,uc918085.2,146.5,143.81,127.83,140.24,148.15,143.58,139.07
Gene25431,uc615552.1;uc655179.1,126.27,128.72,122.05,122.19,130.67,127.79,142.87
Gene24081,uc327343.2;uc937906.3,126.53,136.48,136.1,138.55,138.48,134.35,123.77
Gene26645,uc846471.1,145.76,143.16,148.73,123.09,121.49,122.93,121.21
Gene34943,uc955776.2,130.15,148.09,144.92,127,130.42,146.25,144.52
Gene21453,uc128197.1,147.44,140.6,124.19,137.91,141.85,136.79,140.14
Gene8096,uc218952.3,131.21,121.74,146.47,135.36,139.36,124.71,121.46
Gene26543,uc506831.2,140.18,135.82,147.66,149.4,136.42,131.28,126.62
Gene1470,uc821064.1,120.03,136.6,149.57,132.98,123.22,146.84,125.52
Gene30124,uc991453.2,144.42,147.66,147.85,142.97,142.91,147.06,126.81
Gene12650,uc544937.1,148.43,126.08,140.06,144.07,121.55,132.13,135.91
Gene28406,uc107737.3,132.39,120.81,124.74,142.69,146.67,129.62,120.22
Gene20707,uc169970.3;uc289674.1,140.16,137.01,142.52,122.62,141.63,141.11,138.55
Gene11902,uc599230.3,133.84,142.71,120.94,147.95,144.2,130.13,133.51
Gene17977,uc233373.1;uc800528.2,124.56,122.85,137.74,149.03,121.39,135.95,143.91
Gene24618,uc525236.1;uc485082.2,120.31,120.85,135.56,132.33,128.4,121.28,132.49
Gene35737,uc243057.1,148.38,134.21,149.05,127.42,141.54,134.74,124.94
Gene29282,uc325040.2;uc285200.1,143.62,123.87,146.35,142.49,143.62,147.36,136.14
Gene13735,uc137383.1,122.96,123.87,139.18,144.32,148.8,144.58,125.28
Gene20333,uc164476.2;uc308624.2,145.4,132.46,126.65,142.07,121.51,147.26,130.42
Gene34237,uc815325.2,145.03,144.46,143.7,138.08,144.33,134.06,134.12
Gene10872,uc904085.1,131.15,132.36,125,149.44,128.69,124.76,135.97
Gene7715,uc250836.2;uc813221.2,131.18,149.1,139.4,144.67,132.47,125.49,126.87
Gene29449,uc967467.3;uc748731.2,146.96,132.44,120.54,139.02,137.88,147.13,143.35
Gene18297,uc334855.2,120.43,138.48,125.07,127.26,133.66,141.73,120.92
Gene11324,uc762718.1,144.4,134.7,135.29,123.66,125.29,149.11,124.17
Gene17945,uc576001.3,147.52,135.91,139.15,141.93,140.26,146.22,143.96
Gene36878,uc562444.3,141.66,144.48,137.02,135.1,125.01,147.11,139.89
Gene22749,uc511978.1,121.94,136.66,145.84,141.27,124.21,122.63,128.91
Gene37514,uc268539.2,138.87,139.69,141.36,143.59,132.84,144.11,138.13
Gene25757,uc882290.1,148.96,143.29,140.8,140.81,135.54,137.11,146.63
Gene11623,uc488305.2,149.86,137.1,120.4,122.93,146.58,125.94,128.93
Gene42848,uc410267.3;uc560139.1,123.37,124.22,134.07,149.36,135.33,148.84,121.29
Gene16393,uc167976.2;uc999179.1,149.11,127.31,123.96,139.64,127.49,148.32,139.41
Gene15659,uc667143.3;uc796540.1,146.61,129.61,128.63,132.34,139.88,122.02,139.79
Gene25228,uc911111.3,133.57,141.56,129.12,142.37,120.85,146.24,146.23
Gene30870,uc797575.1;uc495928.3,140.05,140.53,121.39,121.31,127.56,127.16,131.01
Gene32420,uc979755.2,122.81,147.75,123.31,145.5,132.08,121.1,137.72
Gene27147,uc160839.1,124.72,131.18,125.68,123.37,135.29,126.54,146.73
Gene43212,uc679825.1;uc373876.3,133.48,124.3,136.46,138.46,143.11,135.67,126.57
Gene10291,uc640957.3;uc675362.1,132.42,142.04,121.66,122.85,124.44,140.19,122.38
Gene34679,uc243022.1,143.84,140.32,145.8,130.68,125.33,141.49,120.75
Gene4240,uc835989.2;uc989273.2,147.14,134.79,129.59,138.61,127.02,132.55,142.32
Gene10881,uc512845.3,125.07,148.99,132.7,149.12,136.49,133.13,121.96
Gene5093,uc578536.1,149.95,144.2,124.86,140.25,141.8,136.41,133.81
Gene30057,uc438235.1;uc198195.3,134.72,124.31,148.36,138,122.85,148.79,145.94
Gene21024,uc616183.2,134.93,120.66,122.6,137.34,125.05,144.36,123.42
Gene15328,uc180942.1,136.01,127.6,147.81,146.43,124.96,123.5,145.53
Gene23249,uc254095.2;uc981818.1,133.79,139.5,128.34,128.45,145.33,133.01,140.61
Gene42778,uc826604.1,121.69,139.81,127.96,131.15,142.94,131.57,137.11
Gene13080,uc436617.2,135.18,148.3,141.83,141.83,120.74,131.4,149.48
Gene14533,uc441884.2,130.69,145.87,122.35,148.55,123.77,131.11,149.54
Gene6191,uc915269.3,127.42,121.02,134.09,120.09,125.4,128.32,122.37
Gene48235,uc680978.3;uc936439.2,124.79,131.47,149.14,144.8,128.89,129.79,139.93
Gene36859,uc182412.3,136.97,146.99,142.55,147.01,125.73,142.18,130.66
Gene41838,uc576908.2,120.26,143.11,121.59,120.97,121.62,123.16,140.91
Gene24881,uc299994.2,141.54,125.28,138.3,131.74,149.27,141.27,147.93
Gene18792,uc767074.2,146.97,127.16,123.56,135.34,132.86,135.41,147.62
Gene5551,uc784088.2;uc729512.2,135.03,126.8,140.25,140.01,138.26,125.68,145.19
Gene47515,uc438381.2;uc468959.3,132.95,137.63,144.35,139.08,127.49,149.81,133.27
Gene4614,uc748415.1,141.45,127.05,141.37,128.65,123.07,131.36,138.72
Gene4517,uc271418.1;uc641104.1,146.3,137.38,135.23,125.94,139.98,127.32,121.62
Gene44659,uc126114.1,122.25,122.8,147.24,133.07,140.71,141.65,135.54
Gene28943,uc944892.1,131.77,136.47,149.9,120.6,144.82,141.5,120.95
Gene35971,uc572514.1,147.15,121.63,148.35,130.64,140.84,127.52,138.04
Gene34807,uc572672.3,123.58,127.59,133.82,122.12,145.24,148.19,145.46
Gene33984,uc738226.1,127.86,139.34,125.3,124.86,128.31,132.2,126.93
Gene17731,uc558302.2,125.21,131.23,142.77,124.74,124.5,143.23,136.41
Gene10094,uc945732.3,136.71,138.25,126.11,132.23,135.3,145.47,133.38
Gene15363,uc413184.1,139.54,126.18,130.54,123.99,142.53,126.92,127.85
Gene41503,uc932056.1,142.73,140.57,148.68,146.89,143.7,137.15,140.95
Gene16459,uc110146.2,127.47,143.54,137.77,121.96,135.12,120.67,126.17
Gene31880,uc834814.2,149.38,149.01,136.79,120.15,124.39,124.03,141.88
Gene45602,uc786091.2,144.98,148.6,131.45,145.91,126.63,136.37,120.66
Gene22262,uc758028.3;uc199279.2,134.75,137.49,135.37,146.9,144.09,125.28,126.59
Gene4745,uc166157.1,128.72,123.49,125.73,149.72,141.52,146.75,131.58
Gene2976,uc379666.1,120.88,134.85,123.37,142.73,67.91,148.43,124.01
Gene37324,uc275619.1;uc832444.3,138.2,133.73,145.88,132.13,140.96,125.04,140.97
Gene44397,uc819791.3,134.45,122.12,146.75,146.71,127.81,140.78,142.82
Gene31283,uc552534.3;uc603499.2,130.63,146.77,130.44,132.62,134.64,123.02,137.65
Gene4631,uc923218.2,130.1,135.21,130.05,143.47,139.39,136.93,121.46
Gene30933,uc505313.3;uc687902.3,135.85,123.36,126,137.91,135.04,147.57,136.36
Gene8151,uc779781.3,129.33,124.35,122.13,142.75,149.32,141.65,129.2
Gene38992,uc634994.3,121.6,125.65,139.98,147.53,126.2,137.76,146.82
Gene30231,uc176550.1;uc334857.2,141.98,131.08,128.46,124.63,125.82,126.23,144.51
Gene14538,uc734050.3,128.85,127.07,137.43,132.96,147.47,142.36,124.19
Gene47748,uc253340.1;uc947027.3,130.88,134.2,135.59,131.38,137.42,124.12,143.08
Gene38188,uc147509.3;uc983301.2,130.59,149.29,148.05,135.64,122.77,141.78,134.44
Gene6878,uc231400.2;uc452131.1,127.64,127.45,139.25,125.66,136.93,148.11,144.02
Gene2385,uc968013.2,123.67,136.25,139.41,132.32,130.13,125.58,149.48
Gene26967,uc522848.1,134.46,122.88,130.39,131.53,126.19,145.97,129.49
Gene15324,uc439312.3,123.66,133.93,133.4,145.27,143.61,142.78,125.74
Gene1457,uc241614.1,126.78,123.34,130.73,149.03,123.27,142.16,123.03
Gene12454,uc223294.3,124.15,130.02,139.23,124.58,123.04,144.96,132.26
Gene26399,uc449013.2,123.62,148.6,142.31,140.81,130,133.61,125.73
Gene30816,uc791040.1,139.01,137.11,134.03,130.18,138.18,129.25,128.91
Gene43590,uc896161.1;uc243767.1,122.63,146.98,146.73,125.83,136.87,140.17,139.35
Gene26997,uc255458.1,125,135.69,146.19,149.27,140.64,125.96,146.02
Gene29038,uc703496.1,124.35,123.32,135.04,121.16,133.61,141.05,137.69
Gene46477,uc501406.3,147.61,136.14,136.67,146.2,143.51,142.78,123.63
Gene25613,uc914622.3;uc659917.2,121.15,123,130.11,124.95,136.35,122.32,127.54
Gene18275,uc562185.2,136.01,121.46,138.58,141.26,146.55,131.18,134.03
Gene5179,uc681811.2,133.41,140.15,121.27,139.22,129.15,121.48,134.27
Gene37886,uc460579.3;uc681425.3,142.75,135.88,124.04,124.94,139.58,122.21,124.99
Gene5084,uc688706.2,133.57,149.04,143.02,149.02,145.71,141.68,125.79
Gene13806,uc726822.3,146.34,129.42,125.25,122.88,127.31,142.79,126.37
Gene48806,uc198924.2;uc643505.1,133.38,120.58,120.3,133.07,147.22,135.47,120.37
Gene28525,uc528477.3,138.91,137.98,123.08,149.39,145.3,140.45,146.55
Gene28658,uc916558.3,136.85,146.36,128.29,135.2,134.68,123.3,122.11
Gene19755,uc414729.3;uc800372.1,125.15,147.26,127.92,123.37,121.41,149.08,126.52
Gene50982,uc791330.1;uc913110.3,121.56,130.54,132.86,124.9,124.84,124.32,141.16
Gene35061,uc326791.2,134.23,142.16,130.26,129.61,133.95,142.17,142.77
Gene28550,uc223856.3;uc824657.1,131.58,146.17,129.81,141.51,138.56,140.9,128.44
Gene36233,uc711662.3,129.61,146.83,144.54,147.75,126.23,145.95,126.51
Gene22609,uc488984.2,143.93,126.53,133.72,126.52,127.36,144.21,139.9
Gene40193,uc456679.3,128.83,129.91,124.42,134.61,144.11,142.72,147.25
Gene18844,uc575435.1,136.69,145.27,131.52,139.51,134.46,143.98,125.63
Gene17929,uc990126.2;uc240374.3,136.48,148.07,134.56,138.93,135.7,125.52,123.67
Gene44614,uc122680.1,128.92,136.77,149.31,148.57,141.58,120.82,140.09
Gene35406,uc972890.1,131.84,143.75,141.94,132.73,131.28,131.04,120.24
Gene21953,uc268398.1,140.19,148.79,132.09,128.62,136.37,143.32,128.73
Gene34939,uc834323.3,120.54,138.75,120.58,121.78,131.61,145.03,122.13
Gene42973,uc404198.2;uc641431.3,123.5,138.3,141.7,132.72,137.24,138.37,134.11
Gene38589,uc929238.2;uc597476.1,126.82,132.24,146.88,147.02,124.55,124.31,132.59
Gene11515,uc895584.3,135.32,126.84,129.27,126.55,145.19,135.04,146.8
Gene21829,uc387191.1,134.64,123.57,148.81,147.92,132.81,140.19,143.19
Gene44889,uc988648.1,147.89,143.03,129.86,130.51,142.49,137.05,140.96
Gene39685,uc553081.1;uc464701.3,137.8,139.53,132.1,131.32,134.44,131.14,143.46
Gene50953,uc289061.1;uc566022.3,130.86,148.51,130.48,144.86,141.9,121.46,126.73
Gene32372,uc203613.2,141.28,146.22,125.4,128.2,129.65,137.48,149.81
Gene20723,uc758137.2,132.21,121.48,140.77,139.82,147.51,149.38,130.9
Gene48432,uc324371.1;uc495644.1,126.26,123.42,135.1,133.73,123.51,123.66,140.64
Gene47711,uc784317.3,128.7,134.91,131.59,125.5,140.32,132.11,123.12
Gene16823,uc501703.2,147.71,126.93,123.46,149.47,122.06,135.03,139.48
Gene1630,uc725821.3;uc143597.2,137.79,140.62,142.31,138.08,135.5,131.26,130.82
Gene5292,uc910865.1,126.95,124.96,123.4,141.16,125.6,125.43,140.13
Gene24719,uc692950.3;uc337790.2,143.8,149.76,132.81,144.64,122.59,130.28,143.63
Gene19274,uc335347.2,129.87,147.42,126.31,137.88,130.99,123.46,127.35
Gene20097,uc971918.1;uc888010.2,122.82,124.45,132.26,125.37,135.15,144.41,148.37
Gene2468,uc321260.1,147.9,123.43,120.58,125.46,136.88,143.47,123.09
Gene12892,uc646905.3;uc117819.1,127.6,123.15,120.53,138.35,122.37,126.71,135.95
Gene44732,uc302599.1;uc400130.3,138.42,145.89,132.12,128.08,142.97,123.84,123.7
Gene15329,uc774640.3,123.32,122.43,127.81,135.66,125.77,134.51,144.42
Gene10409,uc104848.1,148.84,145.93,147.78,131.35,139.32,137.36,132.84
Gene42118,uc632198.1,149.6,120.95,137.3,144.37,148.53,142.29,138.01
Gene33886,uc574198.3,137.03,131.85,138.55,149.6,139.01,125.18,138.21
Gene29565,uc434386.3;uc612635.2,148.97,122.63,128.1,145.75,133.92,133.83,125.82
Gene24524,uc618850.2;uc849577.3,137.4,146.69,122.99,138.26,122.54,122.68,149.46
Gene4546,uc497741.3,145.41,138.25,127.29,125.32,139.67,126.76,148.88
Gene16143,uc775189.3;uc695364.2,146.04,125.86,121.01,148.66,125.81,120.24,139.99
Gene33260,uc137724.3;uc876083.3,138.07,126.68,128.28,140.24,135.83,134.6,141.88
Gene39399,uc949745.3,121.86,141.98,135.07,132.48,126.89,125.71,124.18
Gene2156,uc600030.1,127.42,142.36,147.82,143.6,129.98,143.61,139.91
Gene18841,uc360105.3,147.86,135.69,142.74,131.35,144.14,128.22,145.93
Gene22026,uc955584.2;uc771265.3,131.55,132.29,139.44,126,121.4,120.95,126.39
Gene46460,uc629050.3,138.83,148.31,140.6,128.14,130.75,131.08,137.77
Gene11976,uc788913.3,133.36,121.79,129.65,124.8,135.35,129.62,128.9
Gene1250,uc553330.1,144.13,144.4,146.2,139.87,148.83,132.16,144.07
Gene2229,uc928745.3;uc411847.3,136.32,123.15,144.68,149.68,126.97,148.07,128.98
Gene18724,uc327466.3;uc536706.1,134.69,137.9,145.13,137.22,127.62,139.79,120.08
Gene14506,uc274160.3;uc302983.2,140.08,126.99,129.1,136.72,138.74,135.41,146.22
Gene7711,uc486394.3,128.07,124.68,145.35,146.24,135.41,140.1,149.28
Gene2890,uc842954.1;uc432995.2,127.47,147.2,126.62,144.92,137.52,139.75,122.73
Gene9490,uc511894.2;uc432805.1,146.8,149.88,144.55,120.49,122.62,130.04,129.2
Gene30866,uc350642.1,121.02,139.75,141,141.96,147.95,139.75,121.72
Gene44814,uc257146.3,137.52,124.73,121.6,137.4,125.36,143.78,129.95
Gene6613,uc305468.2,147.7,126.63,122.44,130.36,124.69,148.53,131.59
Gene12165,uc438176.1,144.28,136.2,136.51,122.6,148.23,134.73,140.24
Gene18826,uc588187.1,143.23,149.39,126.7,130.35,145.37,141.81,132.01
Gene45191,uc217606.2,136.23,147,135.82,130.46,128.64,134.29,127.47
Gene36012,uc356696.1,142.73,141.95,132.63,136.02,142.52,148.41,147.47
Gene45812,uc459433.1,139.42,120.95,142.54,124.53,134.27,140.9,136.67
Gene3685,uc786006.3,139.11,139.75,137.65,125.71,132.1,130.82,136.13
Gene18462,uc114532.3;uc410052.1,134.16,140.97,137.07,138.59,139.18,144.85,123.24
Gene41127,uc832669.1,127.84,126.79,141.52,136.33,142.97,142.31,137.04
Gene25064,uc149545.2,129.95,141.25,131.46,129.35,133.69,123.7,123.79
Gene31874,uc924167.1,135.92,125.28,126.42,138.53,129.49,123.73,148.76
Gene43935,uc843352.1;uc402941.1,143.75,145.03,123.76,126.15,136.49,131.67,135.22
Gene45506,uc879508.2;uc465463.3,135.23,121.59,147.25,138.07,149.87,138.58,129.26
Gene6482,uc562916.1,138.13,131.02,137.67,137.55,142.62,126.5,122.26
Gene41874,uc266586.2,131.14,143.61,143.91,123.25,130.06,143.47,127.02
Gene19211,uc485017.2,145.31,129.62,132.02,142.7,133.76,146.29,136.25
Gene37085,uc449827.2,135.82,148.01,149.39,132.45,121.03,121.74,123.56
Gene21392,uc253938.2,138.64,137.68,129.99,133.32,140.11,139.69,137.5
Gene40396,uc826195.2;uc133929.3,141.12,125.41,145.84,133.33,149.91,125.42,142.67
Gene16660,uc220999.3;uc673451.2,141.75,147.3,147.91,141.49,122.64,123.96,129.71
Gene13515,uc441737.3,133.88,136.36,121.38,121.82,131.03,122.91,149.19
Gene9986,uc590868.1,129.82,126.86,120.63,146.39,133.94,144.38,129.7
Gene1311,uc333559.3,121.84,147.23,125.81,140.86,142.56,139.71,128.74
Gene10537,uc253304.1;uc418081.1,122.21,137.8,126.68,139.02,126.94,133.08,124.24
Gene42608,uc129028.3;uc114368.3,132.54,131.54,120.51,123.71,138.78,121.55,125.88
Gene21298,uc262370.2;uc901916.1,120.15,138.58,123.6,130.72,149.74,120.39,128.04
Gene40553,uc487848.3,130.04,121.33,147.62,129.33,127.61,125.58,127.45
Gene29111,uc559840.2,139.95,122.35,144.41,124.87,141.83,120.06,134.62
Gene6912,uc481326.1;uc811625.2,124.25,127.62,126.08,130.47,121.65,145.06,144.26
Gene34204,uc490061.2,137.54,127.93,126.46,137.47,130.65,122.75,135.79
Gene44182,uc108228.1,131.3,147.08,127.99,133.62,141.26,136.5,148.42
Gene6977,uc551874.2;uc444992.3,141.94,129.19,127.08,136.25,125.66,131.34,147.71
Gene25100,uc367653.1,133.76,122.82,144.77,135.98,134.6,149.7,126.43
Gene42623,uc962590.1;uc472094.1,122.23,128.92,126.17,135.85,132.74,129.58,133.07
Gene14828,uc432187.2,132.86,129.25,120.04,130.13,143.25,124.45,134.99
Gene1597,uc728904.3,132.74,138.41,124.93,140.16,136.25,128.32,135.62
Gene43786,uc857278.2;uc326866.2,147.56,126.77,126.24,123.46,121.81,129.93,136.24
Gene19444,uc714195.3,146.09,142.17,123.81,145.58,122.98,141.43,122.4
Gene37973,uc757138.3;uc796568.1,141.62,136.16,121.58,148.05,130.08,149.05,125.73
Gene2954,uc147371.3,133.89,121.75,137.2,130.57,137.66,124.92,135.71
Gene6605,uc115788.2,132.58,126.97,132.91,125.48,120.56,143.65,148.43
Gene38737,uc593470.2;uc905276.3,145.37,144.66,120.91,120.33,133.28,145.31,144.27
Gene45844,uc489645.2,138.78,128,149.21,128.59,137.78,139.36,144.38
Gene1555,uc623006.3,125.95,142.05,130.72,146.68,124.58,140,147.58
Gene18511,uc870643.3,127.63,137.26,126.92,121.48,123.49,139.85,137.24
Gene43396,uc129111.3;uc864518.1,131.44,141.72,130.12,129.78,149.33,134.88,134.22
Gene12933,uc519975.1,138.39,142.79,132.26,127.98,139.5,132.6,125.51
Gene7108,uc760453.3,120.34,126.43,127.42,148.85,140.14,127.57,121.12
Gene34324,uc448414.3,129.78,132.32,131.74,145.11,144.56,132.97,139.52
Gene47853,uc320019.3,131.85,140.33,130.27,139.97,132.58,148.12,135.63
Gene36884,uc249486.3;uc593412.3,137.99,138.55,136.21,142.2,120.01,124.46,130.44
Gene5415,uc770269.1;uc154425.1,140.49,134.03,132.38,120.38,149.54,129.4,145.41
Gene26942,uc585495.1,134.65,135.48,146.13,140.53,143.92,144.4,137.32
Gene27910,uc763521.1,120.67,136.57,134.35,120.55,129.66,142.1,147.65
Gene13343,uc252148.1;uc915421.2,120.99,131.48,145.39,147.27,148.69,147.5,127.5
Gene36455,uc461150.2,122.39,127.34,149.93,129.77,127.14,130.06,147.48
Gene40519,uc186274.1;uc217579.1,126.77,123.52,133.96,144.51,122.53,131.27,139.37
Gene10178,uc745261.1,146.95,140.73,130.17,138.93,132.65,141.46,128.94
Gene42217,uc468521.2,130.53,132.71,126.97,127.05,130.53,142.56,137.53
Gene2222,uc163174.3,121.09,125.58,142.71,132.6,127.48,130.16,140.48
Gene1159,uc877177.2;uc605821.2,141.62,126,146.94,145.59,138.94,120.86,147.68
Gene27455,uc303355.1,135.58,149.62,140.68,145.22,141.66,134.76,136.01
Gene33011,uc694091.3,132.38,132.14,127.01,131.99,129.59,141.06,133.31
Gene39075,uc856314.1,132.17,143.14,120.18,129.26,129.49,122.07,120.06
Gene28728,uc126290.3,129.75,128.84,148.02,137.39,121.68,145.65,123.56
Gene38683,uc512820.1,132.08,134.52,128.87,133.82,128.15,133.67,146.59
Gene14291,uc338225.2,142.88,139.41,149.29,139.4,131.63,138.45,129.81
Gene43638,uc262165.3;uc225524.3,149.87,144.39,138.66,145.75,134.91,128.07,126.01
Gene31701,uc779226.2,124.57,126.69,145.09,140.57,140.42,134.52,143.22
Gene26098,uc288885.3;uc540589.2,134.96,140.92,147.39,149.78,145.1,142.65,137.18
Gene13599,uc530801.3,134.93,144.1,129.28,133.57,120.23,141.83,124.82
Gene28529,uc536398.2,135.21,130.6,142.89,127.55,139.17,127.5,140.74
Gene17483,uc873396.2,129.29,141.83,149.89,132.92,147.96,120.31,141.88
Gene26200,uc581161.3;uc732192.1,149.95,122.8,149.52,122.13,139.71,141.31,127.77
Gene33535,uc822060.3,125.96,126.93,123.19,130.16,128.61,149.95,146.89
Gene29436,uc580286.2,148.02,130.99,133.13,124.59,124.22,142.64,143.63
Gene17378,uc188820.2;uc962597.2,141.45,123.75,134.16,135.8,145.35,145.55,131.28
Gene30238,uc593794.3,145.58,129.89,139.36,148.63,127.75,135.99,147.88
Gene2952,uc399568.2,131.77,122.84,131.71,129.87,139.56,138.21,130.72
Gene3473,uc939213.3;uc951379.1,128.9,124.93,132,130.46,139.34,127.94,138.02
Gene45886,uc332245.3,130.59,129.41,129.48,122.2,145.65,127.3,147.9
Gene32051,uc238556.3,139.32,145.81,123.33,121.02,121,121.12,132.09
Gene7652,uc344809.3,121.53,145.28,129.85,122.31,122.03,136.67,122.06
Gene50583,uc712274.2;uc117138.3,123.49,136.84,148.08,148.69,129.77,136.04,140.59
Gene35300,uc498583.2;uc547196.3,132.24,142.88,145.44,123.85,148.99,140.4,131.52
Gene3859,uc739387.1,129.59,145.09,141.11,121.82,145.67,138,133.92
Gene18635,uc527800.1,127.61,124.6,143.17,140.22,121.67,149.06,126.88
Gene30719,uc570846.1,138.97,147.19,122.1,146.45,129.61,137.23,132.37
Gene13908,uc414095.2,140.76,149.7,139.13,131.99,125.37,140.21,138.86
Gene43561,uc431567.1,142.34,136.62,120.56,129.33,137.5,132.78,131.65
Gene15357,uc985556.2,127.09,137.52,128.19,122.97,125.72,145.06,141.26
Gene7418,uc514422.2;uc637303.2,122.55,123.83,128.02,141.2,143.99,127.03,138.63
Gene47359,uc172042.2,142.13,132.47,120.05,149.97,132.62,144.65,143.51
Gene33136,uc544350.3,128.68,124.46,147.49,136.18,135.34,123.17,147.22
Gene12596,uc110653.1,139.78,136.85,127.1,139.41,122.93,140.51,121.03
Gene30931,uc684901.2;uc255721.1,122.35,134.48,122.88,140.84,137.91,146.11,142.61
Gene10980,uc609589.3,148.68,148.81,131.23,139.69,121.85,130.23,139.86
Gene46421,uc923677.1;uc749948.1,142.31,145.36,122.84,143.62,138.39,122.48,134.97
Gene30548,uc916939.2;uc530038.3,141.46,144.88,140.58,148.47,124.1,142.08,131.4
Gene23471,uc331726.2;uc661131.1,123.7,133.69,125.02,128.68,149.34,134.62,139.73
Gene14270,uc673146.2,142.64,145.19,136.3,139.77,127.23,120.79,143.06
Gene47836,uc567344.3,131.07,148.89,132.95,136.33,120.41,139.9,144.02
Gene18414,uc210213.1,147.23,122.18,146.18,145.67,146.87,140.34,126.3
Gene3880,uc548599.1,139.3,137.29,137.12,143.15,139.15,130.91,136.16
Gene21888,uc241762.2;uc447802.2,138.73,149.75,124.76,141.98,131.47,139.43,129.31
Gene2645,uc997154.1;uc891785.1,130.92,138.97,123.07,143.91,147.47,147.53,133.25
Gene18059,uc291303.2,130.16,147.42,124.38,134.05,122.28,127.37,140.31
Gene6814,uc531153.3;uc409012.1,122.49,136.8,130.64,132.6,143.83,120.74,123.44
Gene27127,uc735394.1,136.02,123.54,130.48,137.75,125.83,146.31,137.17
Gene44646,uc853479.3;uc122390.3,137.24,147.54,129.26,138.85,127.45,137.66,128.12
Gene35934,uc622692.2;uc284432.1,135.65,121.97,121.89,135.99,142.19,130.64,132.76
Gene14371,uc141955.2,125.69,133.71,124.94,136.26,129.22,128.39,133.15
Gene1177,uc787924.2,143.07,142.87,130.64,126.46,135.28,131.36,136.04
Gene28197,uc560880.1;uc725182.3,127.32,126.99,143.06,143.55,148.04,133.33,124.71
Gene18376,uc336293.3,142.36,121.89,128.6,132.75,132.88,135.73,132.47
Gene38163,uc741122.2,147.26,130.28,123.51,125.98,145.92,145.5,120.96
Gene14575,uc554687.2,131.25,149.89,128.52,123.11,126.9,134.22,148.95
Gene34530,uc241467.2,127.36,143.88,126.51,122.63,143.95,128.2,122.96
Gene43659,uc198480.1,121.8,139.35,129.95,147.61,121.61,135.22,129.35
Gene18503,uc792372.3,148.95,127.47,135.32,148.32,147.17,140.71,129.28
Gene7466,uc269596.1;uc231604.3,136.48,127.59,124.71,148.46,126.56,130.29,132.66
Gene49748,uc910096.1,148.96,147.93,131.85,130.01,145.56,134.58,128.04
Gene3068,uc430258.1,125.32,146.34,132.78,144.88,142.64,122.38,124.09
Gene22751,uc386862.1,120.9,137.64,149.76,148.44,132.71,130.17,136.71
Gene11234,uc779584.2,123.33,149.75,131.6,144.58,139.83,122.28,122.96
Gene13778,uc733873.1,136.6,130.12,139.57,126.23,144.3,148.37,139.15
Gene17666,uc991374.2,126.24,138.44,125.4,145.44,142.01,148.93,171.93
Gene5995,uc667894.3,126.99,127.68,147.36,129.04,124.49,127.67,139.87
Gene41262,uc432724.2;uc639136.1,142.66,137.06,127.09,135.09,142.46,147.9,143.38
Gene39793,uc678362.3,128.56,147.88,143.33,135.22,142.62,148.68,132.01
Gene38597,uc165334.2,129.7,141,132.88,128.29,141.41,149.62,148.69
Gene39401,uc549215.1,143.04,121,147.06,144.98,125.61,122.7,120.73
Gene27200,uc479803.1,130.17,141.8,123.67,120.77,133.67,149.4,147.34
Gene3191,uc284507.1,124.52,146.19,127.09,145.55,122.11,136.34,137.22
Gene16152,uc432878.3,144.36,142.49,139.97,134.04,138.71,121.02,143.44
Gene30343,uc728276.1,142.55,144.06,143.8,148.46,149.17,127.23,126.35
Gene38553,uc193628.1,139,121.36,147.83,121.39,144.45,126.6,122.2
Gene9776,uc648323.2,141.82,143.01,139.93,142.79,148.55,132.1,126.78
Gene34963,uc821529.2;uc515118.2,130.41,149.32,134.76,149.14,127.87,128.77,141.55
Gene9771,uc834269.1;uc382702.1,144.36,127.06,131.45,131.5,140.95,121.34,133.08
Gene16245,uc406851.3;uc650049.3,140.27,136.53,123.3,128.02,137.03,145.38,146.93
Gene15710,uc224521.1,136.61,140.83,135.55,123.07,127.64,140.45,139.58
Gene2449,uc172217.3;uc886170.1,144.44,120.35,137.91,142.81,120.74,128.42,123.54
Gene45045,uc557571.1,138.11,136.65,140.18,129.2,128.51,147.71,149.36
Gene32314,uc637382.3,146.39,126.62,138.39,147.06,143.16,128.89,125.88
Gene39555,uc452644.2,137.64,130.76,134.31,146.29,130.38,125.12,128.4
Gene2944,uc155667.1,124.06,123.83,126.77,146.85,131.36,132.73,138.3
Gene44966,uc485833.3,148.38,125.33,120.05,136.11,127.73,147.71,141.73
Gene28313,uc746953.2,139.14,149.06,138.22,128.5,123.01,126.52,142.26
Gene21237,uc821120.2,139.27,133.8,125.67,141.81,139.4,142.86,128.32
Gene42730,uc488441.1,136.73,137.62,125.12,129.94,143.63,138.05,144.22
Gene16365,uc169913.1,132.38,123.86,147.49,124.65,130,121.15,140.44
Gene9948,uc605353.1,145.91,137.7,143.47,130.7,132.33,134.82,124.69
Gene32921,uc957294.3;uc982973.1,126.94,132.31,139.42,121.42,130.75,127.04,136.33
Gene1315,uc888942.1,140.33,124.03,133.21,129.24,133.73,120.67,124.67
Gene25169,uc225600.3;uc652745.3,126.44,122.06,141.52,126.84,145.2,145.23,126.76
Gene17966,uc507401.3,138.04,127.9,128.22,147.71,131.02,120.41,140.29
Gene36054,uc147150.3,130.28,142.41,138.89,132.01,140.39,128.16,143.66
Gene2186,uc328348.1,124.69,135,141.15,128.03,145.13,130.91,136.11
Gene49681,uc231276.3;uc783966.3,129.18,138.97,143.22,139.69,120.63,140.17,133.71
Gene4971,uc294473.3;uc312654.3,131.63,149.88,123.06,141.03,136.35,142.09,130.68
Gene35734,uc276915.3,125.3,136.21,130.88,130.85,140.72,130.53,135.1
Gene2381,uc625760.2,135.09,122.93,140.23,139.14,128.94,134.97,145.35
Gene38286,uc171931.1,134.45,122.32,144.36,120.9,132,142.53,136.66
Gene37310,uc862342.3,143.01,125.1,130.61,120.39,132.42,140.28,130.29
Gene16021,uc720575.3;uc854393.1,127.08,134.2,144.06,140.44,145.73,139.95,134.78
Gene26191,uc765117.3,124.1,124.16,137.44,148.48,139.04,121.25,147.03
Gene7326,uc917088.3,145.28,132.81,140.67,123.88,132.95,142.93,121.92
Gene28046,uc476175.3;uc410819.2,123.88,141.24,137.99,140.53,144.29,135.43,148.63
Gene28267,uc663240.3,125.55,125.15,149.67,122.34,127.35,136.62,147.59
Gene12552,uc817154.2,122.22,134.38,139.86,144.29,124.15,142.58,122.89
Gene7193,uc934673.1;uc525549.2,145.69,134.8,124.21,140.42,138.35,137.78,123.89
Gene21661,uc182454.2,145.41,128.97,121.58,125.17,138.63,144.89,143.9
Gene19675,uc909201.1,131.54,131.05,138.19,144.4,147.9,147.06,131.07
Gene41742,uc406584.3;uc509659.3,134.71,145.5,130.31,130.28,141.61,131.15,124.02
Gene43285,uc949068.2;uc354749.3,133.62,127.44,148.09,139.21,138.85,130.23,121.34
Gene49682,uc132446.1;uc738875.3,125.67,132.84,124.21,133.81,123.52,123.82,128.02
Gene10472,uc952997.3,133.15,135.96,148.38,131.13,134.79,121.06,136.98
Gene31766,uc707326.2,140.64,134.96,147.61,127.24,138.93,143.25,141.76
Gene1880,uc146669.1,141.49,133.97,124.13,124.02,149.71,120.46,126.3
Gene13948,uc934749.2,145.57,123.01,142.38,146.82,120.12,140.06,123.05
Gene34076,uc853535.2,145.65,124.92,144.1,138.76,147.74,131.38,133.21
Gene6238,uc641780.1,142.09,134.11,140.02,149.33,140,148.81,138.78
Gene11691,uc520944.2;uc152002.3,142.29,127.81,136.38,145.77,140.96,149.02,140.06
Gene7374,uc798838.3,138.32,123.74,148.26,147.51,136.87,138.63,128.89
Gene2547,uc495232.2;uc935744.1,129.04,143.91,126.5,126.14,146.74,134.05,125.88
Gene42018,uc191560.2;uc597066.1,138.23,127.75,147.99,133.3,138.79,131.56,129.04
Gene31853,uc913505.1,132.81,122.73,130.43,124.92,137.52,122.22,135.87
Gene3343,uc187328.1,130.83,128.69,149.35,131.8,125.45,135.23,147.44
Gene47556,uc325700.3,147.96,142.72,132.35,126.81,149.74,137.15,147.09
Gene7852,uc429208.1,134.04,130.55,123.2,132,141.41,121.84,136.83
Gene7380,uc625134.2,132.4,146.18,148.1,130.53,122.25,126.85,128.69
Gene15684,uc562672.2,147.45,131.46,138.25,148.58,122.28,146.46,138.8
Gene14577,uc848805.1;uc542259.1,128.74,145.72,144.89,144.72,135.97,130.94,130.12
Gene33334,uc449198.3;uc802025.1,129.28,136.94,123.61,136.14,139.23,145.46,124.44
Gene32456,uc443626.2,132.77,141.84,144.56,130.57,142.73,141.16,124.27
Gene6855,uc853916.3,140.79,149.87,144.15,148.2,142.4,126.02,145.41
Gene46816,uc471852.3;uc650227.1,120.67,143.47,121.29,148.49,142.38,143.83,120.91
Gene43922,uc550237.3;uc925206.2,139.55,138.25,133.29,121.5,128.9,135.58,122.5
Gene3540,uc153394.3,126.96,149.6,123,143.1,126.25,146.28,142.74
Gene44007,uc417832.2,134.21,136.6,124.68,146.71,126.97,120.1,144.62
Gene4559,uc390399.3,131.3,142.74,121.18,138.39,137.73,120.23,144.09
Gene5939,uc308594.1,141.68,136.57,126.49,126.34,122.09,128.74,125.7
Gene3101,uc692774.1;uc508052.1,147.84,145.58,148.68,127.02,128.55,129.5,136.62
Gene17389,uc327447.3,139.38,143.14,140.39,125.23,148.57,130.74,127.26
Gene37781,uc837788.2,132.3,132.46,142.62,144.16,140.62,134.7,132.48
Gene33576,uc274037.1,122.94,144.34,138.89,134.1,129.19,142.53,121.45
Gene50388,uc828738.2,142.99,141.18,147.63,134.89,147.37,135.93,132.67
Gene21128,uc796403.2;uc253176.1,120.29,141.89,125.74,135.52,125.49,145.29,126.22
Gene1255,uc239367.2,122.94,138.37,145.95,144.71,143.74,143.5,135.37
Gene38371,uc331232.3,143.03,145.68,129.98,133.25,124.91,136.8,149.01
Gene43842,uc510341.1,147.72,135.47,147.86,124.82,148.11,138.33,132.2
Gene6711,uc478028.2;uc884668.1,134.96,138.58,132.27,126.19,149.87,132.31,147.97
Gene9882,uc787730.3,126.97,128.45,137.99,140.39,131.22,126.17,134.89
Gene34915,uc547414.3,133.55,125.36,126.1,147.8,139.1,140.56,131.81
Gene44940,uc447246.2,123.67,135.07,140.65,148.34,138.86,127.74,138
Gene2992,uc292232.1,128.5,140.65,140.9,122.94,136.78,123.47,146.39
Gene9765,uc362720.2;uc834957.3,121.05,123.98,122.56,132.39,149.06,139.78,123.21
Gene9466,uc297361.1;uc952255.1,149.83,138.18,139.82,132.47,136.38,130.4,131.19
Gene19353,uc637535.1,120.8,147.24,127.94,127.87,149.95,132.63,124.84
Gene9082,uc536259.3,140.24,133.35,144.12,129.04,134.05,127.4,141.42
Gene40909,uc491681.1,137.62,141.38,122.43,127.48,146.95,141.65,127.74
Gene1682,uc653400.1;uc719642.3,148.32,144.16,120.13,132.58,141.34,133.3,148.54
Gene47636,uc963035.3,134.43,123.49,136.01,149.35,144,128.42,147.77
Gene47957,uc695179.3,130.5,141.43,140.52,141.1,135.68,149.79,131.64
Gene19635,uc644271.2;uc658783.2,141.6,140.78,121.93,133.83,133.69,121.54,131.7
Gene12926,uc480832.1,141.65,137.8,121.74,127.27,140.23,145.23,126.28
Gene8708,uc904864.2,143.69,120.96,135.74,138.6,136.21,122.12,147.31
Gene1558,uc476932.3,120.36,145.54,146.4,145.92,144.14,130.51,129.85
Gene4325,uc165578.2,129.45,121.81,145.31,121.94,129.29,135.11,142.97
Gene39134,uc976387.1,143.46,128.15,144.22,122.62,120.54,127.47,130.57
Gene50832,uc898243.1;uc850362.1,133.37,126.07,132.76,122.92,139.27,122.82,140.57
Gene11473,uc641705.3,125.01,136.48,132.31,131.46,148.92,145.41,122.67
Gene14808,uc121322.3;uc658579.2,137.39,127.94,124.54,145.07,124.55,130.31,126.96
Gene1380,uc211398.3,133.7,123.47,131.41,121.7,141.54,132.18,120.69
Gene29867,uc319363.3;uc992022.2,134.27,123.04,136.58,144.88,148.47,126.42,135.19
Gene50333,uc613892.3,144.5,120.97,147.74,123.06,142.73,135.75,123.39
Gene26917,uc666314.2;uc342260.3,122.06,139.85,121.55,128.58,141.89,144.67,128.94
Gene14384,uc341575.2,146.13,135.44,128.42,136.16,137.76,121.74,146.59
Gene11093,uc889186.2,120.42,131.75,149.82,128.64,134.9,120.16,138.6
Gene13355,uc909076.1;uc476752.3,121.7,147.94,146.76,148.94,137.07,121.49,138.68
Gene29587,uc147484.3;uc414934.1,147.42,142.36,129.75,124.18,132.68,131.42,136.45
Gene6561,uc774991.3,140.97,145.23,125.31,143.6,143.29,137.11,120.77
Gene31432,uc116525.2,135.63,144.25,136.25,131.17,132.28,120.7,141.45
Gene31367,uc629776.1;uc407859.1,131.93,134.82,128.37,132.55,132.22,128.91,144.64
Gene40009,uc508805.3,143.13,123.32,125.32,135.18,128.93,120.18,125.21
Gene23474,uc197725.2,130.71,124.14,138.52,126.77,138.36,120.49,143
Gene2664,uc213712.1,130.09,149.41,137.18,133.39,141.58,121.35,125.69
Gene49368,uc773097.2,125.23,120.6,123.14,124.93,120.42,123.4,142.4
Gene29829,uc442004.1,120.68,126.82,147.53,128.66,143.61,132.15,149.91
Gene34124,uc160454.1,134.45,131.95,130.4,122.22,122.7,121.66,146.67
Gene2845,uc175703.3,130.7,133.49,131.4,128.76,130.34,140.47,143.49
Gene25032,uc111725.1,145.47,146.73,121.79,136.73,146.22,133.88,144.88
Gene22487,uc330938.1,128.98,124.89,148.92,124.61,143.72,146.65,136.56
Gene47267,uc555777.1;uc920007.1,131.39,121.91,134.03,137.27,149.64,127.67,121.86
Gene16121,uc689161.2,141.92,131.02,134.6,126.49,138.02,147.67,126.21
Gene9012,uc842675.3;uc497359.2,147.54,139.82,133.18,130.5,145.84,146.29,148.15
Gene20055,uc554010.2;uc657719.2,136.63,120.64,124.71,145.41,135.09,142.89,141.2
Gene8821,uc882946.2,130.79,139.97,139.34,127.79,141.34,124.95,138.24
Gene47309,uc775316.2,131.69,132.99,123.19,147.51,127.1,140.65,140.21
Gene41477,uc123722.3,132.45,121.93,123.98,149.28,143.5,120.31,140.95
Gene35017,uc846166.1,148.09,142.09,139.22,143.25,125.53,133.09,129.47
Gene50633,uc860074.3,148.4,126.9,145.72,121.5,129.59,133.85,137.66
Gene28612,uc115532.1;uc818860.3,137.89,145.52,123.85,121.85,144.47,128.03,121.6
Gene6226,uc456551.2,147.93,148.72,141.34,139.15,144.43,132.6,142.65
Gene22574,uc887127.3,146.83,135.54,121.79,132.05,124.28,138.62,147.83
Gene21786,uc311121.2;uc551611.2,133.45,139.76,133.76,126.27,126.97,121.07,122.69
Gene28981,uc284769.1,120.33,139.87,139.5,142.8,120.66,129.88,124.11
Gene10382,uc215926.1;uc757469.3,124.15,125.38,124.05,144.35,124.66,139.83,141.76
Gene1695,uc772323.3;uc499697.1,146.37,121.74,149.87,125.14,135.2,136.45,140.6
Gene31361,uc617343.3,145.01,120.99,121.82,144.84,125.47,138.91,142.21
Gene36380,uc524112.3;uc809930.1,123.84,135.25,138.04,137.82,139.71,148.18,147.27
Gene46378,uc541842.2,121.1,121.82,140.98,141.99,146.47,136.55,124.74
Gene2145,uc740950.1;uc787374.3,142.51,123.56,142.11,147.14,140.57,122.81,149.86
Gene1838,uc308987.1;uc328861.1,140.15,130.73,123.47,142.17,149.93,128.85,141.6
Gene7754,uc109705.2;uc266365.1,137.08,122.5,132.26,126.75,122.07,137.43,139.51
Gene47614,uc403720.1,132.29,128.73,135.76,124.79,138.1,128.29,146.57
Gene43988,uc157221.2,126.7,137.06,124.45,133.71,125.7,131.1,131.13
Gene29140,uc821956.3,129.3,144.98,140.45,148.43,135.34,145.36,131.76
Gene44907,uc670500.2,145.19,120.71,126.01,143.96,136.38,129.29,125.04
Gene12643,uc814389.2,123.75,120.18,134.78,148.52,121.4,123.22,143.28
Gene39502,uc867541.1,141.48,122.1,122.46,124.91,123.78,137.86,145.57
Gene47409,uc539495.3,146.45,135.98,122.78,138.84,149.44,131.59,134.41
Gene26805,uc151309.3;uc928549.1,131.39,148.31,147.17,120.79,143.2,128.56,134.83
Gene40173,uc293014.2;uc796514.1,134.53,147.11,145.22,135.1,129.77,126.05,120.43
Gene1464,uc794630.2,143.67,129.09,139.29,139.45,139.03,121.43,136.67
Gene33068,uc729143.3,149.38,137.27,140.77,131.31,144.32,149.97,133.56
Gene8759,uc479192.2,121.2,134.88,132.02,136.06,145.44,147.53,125.27
Gene12325,uc751806.2,133.13,140.53,145.83,149.2,133.93,143.31,129.74
Gene46251,uc208462.1,138.12,122.76,146.84,144.76,129.59,138.31,133.08
Gene30341,uc914022.3,132.03,144.31,140.01,137.49,140.14,122.8,149.23
Gene9625,uc705633.3,139.16,144.82,129.64,122.44,133.82,124.75,121.32
Gene2835,uc715481.3,124.81,125.45,133.78,136.7,128.34,127.38,135.24
Gene19609,uc659372.3,140.88,132.12,128.4,148.75,137.3,139.94,132.29
Gene24390,uc933102.3,138.33,142.62,135.7,132.62,144.89,142.9,120.25
Gene36366,uc423391.2,120.92,142.3,132.66,138.02,141.91,130.12,146.05
Gene50322,uc537168.1,121.32,124.7,137.53,122.68,124.52,145.69,132.77
Gene9083,uc976012.2,125.37,128.1,139.13,134.78,137.45,143.92,132.77
Gene7488,uc355207.2,125.16,127.88,135.01,124.47,136.62,122.63,145.53
Gene42474,uc800082.3;uc361067.1,141.98,125.19,126.59,128.04,147.43,128.47,125.86
Gene45625,uc101312.3,141.85,139.66,138.85,148.02,144.57,149.91,138.31
Gene38954,uc624035.1;uc434433.2,127.23,122.45,123.04,124.82,131.97,122.33,127.35
Gene7119,uc905851.1,135,131.74,148.4,122.84,144.58,126.49,137.33
Gene38251,uc656071.1,126.55,121.49,129,128.57,136.83,126.62,132.6
Gene8043,uc907962.1,148,146.62,143.41,133.2,127.55,135.48,144.96
Gene32395,uc223762.2;uc483408.1,125.09,128.84,127.09,141.29,133.7,127.41,139.01
Gene13550,uc135945.1;uc423556.2,129.71,144.96,125.29,126.33,133.78,142.88,125.4
Gene24826,uc990537.2,147.88,122.66,136.35,133.84,148.81,139.79,133.3
Gene23364,uc618205.3;uc331214.1,120.49,133.96,130.02,149.15,136.77,145.73,133.35
Gene47902,uc380579.3,127.39,143.52,147.86,120.44,138.02,126.48,129.22
Gene2923,uc451370.1;uc594810.1,145.35,144.68,138.05,133.07,125.24,141.61,133.83
Gene23671,uc628045.3,131.49,129.97,120.45,121.37,136.2,130.61,131.85
Gene31047,uc640452.3;uc616173.3,144.24,143.49,139.22,146.53,145.24,134.87,140.35
Gene21502,uc460276.2,124.76,129.41,127.8,136.8,125.16,149.16,148.81
Gene25845,uc962252.3,133.2,128.42,139.85,145.16,134.36,140.36,138.52
Gene27540,uc530305.2,143.98,140.52,138.78,124.72,133.5,134.6,127.09
Gene30286,uc929614.3,132.01,132.24,141.13,135.92,124.76,143.86,131.96
Gene16335,uc805499.3,127.85,136.07,123.48,134.03,126.89,136.45,125.56
Gene17634,uc488997.1;uc504509.3,120.36,139.07,129.87,142.86,121.92,137.47,127.69
Gene17408,uc148240.3,131.82,123.89,121.13,120.09,125.74,147.01,133.29
Gene29682,uc952375.2,125.05,133.65,130.86,129.84,142.85,143.73,132.73
Gene32662,uc497163.2,123.18,149.5,135.12,133.19,126.26,136.79,121.59
Gene46476,uc343850.1,148.24,139.17,129.15,136.24,130.29,122.8,144.92
Gene2242,uc973834.3,148.56,126.99,140.4,125.68,126.89,123.86,129.78
Gene34724,uc953938.1,148.23,122.29,140.11,135.63,122.33,124.52,128.93
Gene48133,uc346131.3,146.9,135.59,147.7,134.81,132.21,126.71,132.13
Gene24662,uc652682.2,140.44,120.58,128.23,131.93,128.53,128.63,146.57
Gene40511,uc256387.1,136.41,140.21,141.75,149.77,142.68,145.19,147.06
Gene43220,uc400176.3;uc811384.3,147.84,136.18,138.09,135.8,149.77,137.2,125.15
Gene9671,uc223258.1,147.98,142.52,134.03,135.59,149.71,121.83,128.15
Gene38782,uc200539.1,138.51,147.66,123.85,141.81,121,125.07,143.46
Gene16747,uc621464.3;uc662192.1,148.86,121.54,144.27,129.15,146.09,131.46,132.22
Gene36990,uc526825.1,141.74,126.39,135.89,137.16,130.39,129.75,143.83
Gene31220,uc542348.2;uc122673.2,125.47,121.86,149.74,144.98,127.14,140.68,122.28
Gene2393,uc250661.3;uc744300.2,128.61,139.92,139.93,122.01,141.26,137.99,149.06
Gene42316,uc643205.1,126.7,140.61,143.73,132.23,135.6,148.65,148.91
Gene9939,uc313457.2,132.3,130.9,148.66,138.15,147.74,147.36,124.41
Gene15880,uc857247.2,142.59,134.98,121.66,146.58,144.59,149.9,128.85
Gene50324,uc498915.3,145.93,135.64,144.71,137.5,122.56,121.11,143.62
Gene40364,uc932953.3;uc126088.3,143.73,129.04,131.04,138.72,123.97,143.26,128.15
Gene40465,uc281794.2,140.61,140.37,135.25,125.22,128.54,126.73,136.63
Gene40526,uc744805.1,135.79,141.83,128.55,127.89,133.03,128.22,122.85
Gene11694,uc781826.3;uc683952.1,144.74,148.73,140.11,121.94,139.16,148.95,137.06
Gene5005,uc869808.1,135.5,135.98,127.36,142.07,142.46,121.78,125.37
Gene46800,uc657517.3,128.61,141.02,126.57,136.03,149.37,121.55,129.89
Gene8382,uc408932.3,144.86,149.87,146.17,126.65,132.71,141.11,127.23
Gene28339,uc421566.2,143.39,138.69,133.82,131.56,136.06,134.9,146.69
Gene45604,uc763403.3,134.13,139.1,129.04,149.68,147.49,148.96,124.31
Gene16593,uc738387.3,149.77,127.94,123.68,139.27,149.19,124.97,142.27
Gene47211,uc662941.3,123.27,144.66,130.07,145.05,146.31,145.1,123.83
Gene25935,uc669391.1,120.75,130.98,123.62,124.23,128.02,141.95,146.29
Gene15353,uc987446.3;uc977744.3,149.48,144.72,120.1,136.23,137.09,132.82,145.84
Gene24421,uc795927.2;uc985977.3,148.01,135.99,127.53,145.47,121.42,142.06,123.38
Gene33286,uc873557.1;uc729923.3,140.13,130.84,139.08,125.12,145.46,137.75,137.32
Gene31949,uc111539.2,142.54,140.03,122.66,142.62,127.08,139.67,130.22
Gene9865,uc840864.1,149.2,141.66,133.06,126.64,131.58,145.89,128.36
Gene35199,uc537945.2,141.27,146.71,120.85,134.82,133.21,125.74,138.39
Gene46131,uc843276.2;uc852848.3,145.48,135.55,145.71,147.05,145.45,144.5,149.11
Gene3142,uc639252.3,130.08,125.47,146.46,124.81,124.86,135.06,122.53
Gene42075,uc180412.1,138.3,140.85,147.88,134.29,146.92,139.61,135.2
Gene38882,uc292406.2;uc675494.3,133.36,127.54,140.62,135.68,137.61,127.45,146.05
Gene18636,uc163641.2,143.91,121.45,148.78,140.75,144.56,148.08,125
Gene25375,uc388383.1;uc825241.1,125.28,124.1,136.56,122.2,135.18,124.53,141.79
Gene37416,uc762494.1,121.12,138.06,124.01,124.21,133.72,134.81,128.39
Gene29848,uc571505.1,145.15,141.1,145.35,136.47,128.87,125.67,143
Gene21809,uc393615.2,143.68,124.07,145.53,131.02,139.25,148.74,143.8
Gene47805,uc350265.1,132.4,139.55,124.13,147.81,123.06,133.47,127.42
Gene19598,uc878307.3,137.26,134.84,135.61,132.62,134.19,144.08,139.97
Gene28648,uc930408.3;uc353990.2,142.37,148.19,126.98,138.04,139.43,129.57,129.4
Gene50325,uc402488.2,138.57,120.71,124.52,132,131.81,130.63,136.04
Gene42380,uc167103.1,142.82,144.86,128.47,134.65,144.84,131.35,122.92
Gene40686,uc913847.2;uc283121.3,141.76,133.3,136.83,147.68,131.89,142.33,133.28
Gene43831,uc658605.3,123.42,139.75,129.29,149.59,123.63,146.25,144.6
Gene49730,uc525035.1,127.13,128,138.23,121.05,128.97,128.34,127.71
Gene10385,uc360430.2,149.21,129.6,132.86,145.64,148.44,145.2,125.35
Gene18178,uc802134.2,145.13,124.72,128.83,145.42,125,128.66,137.37
Gene34347,uc545408.3,136.48,139.21,140.09,125.2,144.28,123.93,139.76
Gene34535,uc644991.2;uc464061.2,126.06,122.42,146.96,120.31,122.22,122.19,130.21
Gene2632,uc278386.3,146.37,145.36,137.93,142.59,131.66,122.57,146.33
Gene36782,uc968888.3,141.03,144.05,148.92,132.61,126.82,145.9,133.84
Gene1486,uc108307.2;uc846768.1,127.94,132.92,120.65,130.16,147.03,127.26,146.67
Gene15977,uc625093.3,136.83,144.31,135.36,148.28,149.96,139.35,123.76
Gene48719,uc287018.2,128.23,149.45,137.76,124.94,121.51,123.32,130.16
Gene26107,uc234827.3,124.45,122.01,143.73,148.12,122.44,132.56,136.07
Gene49309,uc781881.1;uc652483.2,128.65,139.97,148.72,126.54,128.2,132.33,126.11
Gene2292,uc524894.3,149.86,148.6,141.44,120.66,125.59,147.54,149.2
Gene45854,uc355767.1;uc888365.3,125.29,124.61,148.2,144.61,121.75,135.68,121.65
Gene18371,uc282418.3;uc396493.2,147.38,120.01,122,138.08,148.76,139.56,134.71
Gene7854,uc757092.1,127.37,133.12,138.85,125.7,149.39,127.96,123.14
Gene26481,uc953325.3;uc821309.3,121.2,122.02,132.99,121.72,130.05,134.69,145.16
Gene36968,uc306112.1,129.18,126.92,148.95,140.52,145.76,123.18,142.33
Gene48903,uc337043.1,128.12,148.26,120.53,134.63,142.81,132.64,146.14
Gene26765,uc574536.1,131.6,146.3,136.92,124.44,141.55,139.7,141.42
Gene15657,uc517528.3,127.92,130.54,143.96,135.34,130.49,147.24,131.94
Gene44774,uc892470.2;uc177702.3,125.84,122.11,146.1,142.16,148.41,133.1,148.09
Gene42890,uc293172.3;uc549497.2,132.24,141.36,147.62,136.7,139.38,141.66,143.24
Gene12077,uc447080.3;uc545373.3,133.29,141.9,122.26,123.76,147.22,148.6,145.51
Gene26185,uc732633.1,137.48,128.38,127.28,135.88,149.1,137.47,149.2
Gene12700,uc451455.2,125.24,134.4,137.86,135,144.78,139.23,133.74
Gene39605,uc823348.1,127.08,132.5,122.8,130.2,143.84,148.39,131.4
Gene34676,uc867829.1;uc541457.2,139.57,143.83,120.5,142.13,122.07,134.54,124.87
Gene46820,uc325904.3,141.92,143.86,144.54,132.35,140.71,122.27,130.51
Gene6994,uc845442.1,147.34,124.64,136.08,138.27,122.02,149.25,120.23
Gene28908,uc436250.1,127.33,140.45,128.08,140.1,133.83,134.38,120.05
Gene5019,uc638241.3,133.04,130.13,130.39,149.42,148.16,132.02,123.47
Gene21821,uc202293.3,146.91,137.21,130.27,124.01,132.72,125.71,134.88
Gene13168,uc228185.2,127.84,132.75,126.08,122.85,142.05,124.61,136.26
Gene29859,uc908153.3;uc290299.2,140.3,139.85,145.23,134.74,127.77,139.64,130.29
Gene25068,uc458177.3;uc665362.2,134.42,141.61,135.19,140.15,131.08,130.75,133.36
Gene1323,uc429503.1;uc829832.1,124.19,148.46,144.71,128.84,139.96,145.53,145.29
Gene1064,uc272281.2,142.14,146.28,135.44,130.53,135.63,147.75,137.99
Gene28152,uc185094.2,146.26,132.65,148.29,148.64,141.2,144.78,124.59
Gene14113,uc795037.1,146.28,124.1,142.63,123.4,133.59,133.67,148.33
Gene8502,uc856684.1,135.46,147.6,122.21,126.99,122.41,125.22,141.41
Gene11748,uc808313.3;uc522021.1,120.13,139.23,121.31,130.48,137.87,126.16,143.63
Gene21764,uc603004.3,126.04,138.84,148.36,141.43,139.17,133.23,130.47
Gene26974,uc132435.1,137.14,127.55,143.13,142.69,141.57,136.63,138.48
Gene8110,uc397683.2,134.5,139.23,134.41,144.87,149.22,137.81,143.98
Gene2414,uc524643.3,147.06,126.81,128.58,138.03,126.92,148.55,138.3
Gene35256,uc347783.3;uc523704.1,123.56,136.98,149.75,127.49,136.9,134.23,135.59
Gene19412,uc992059.2,141.36,136.35,130.07,141.95,126.48,144.85,146.71
Gene20552,uc396300.3,129.31,128.36,135.13,123.83,141.73,147.02,132.48
Gene21397,uc152464.2;uc181847.3,121.17,146.17,134.68,120.69,135.28,137.49,126.34
Gene5636,uc799327.2,131.52,141.48,133.63,121.05,143.15,138.91,140.86
Gene48902,uc619471.3,149.35,123.14,144.09,137.27,128.33,138.71,132.42
Gene11077,uc465674.3,138,145.12,137.59,122.73,134.25,128.34,143.26
Gene48339,uc861107.3,125.74,127.8,149.19,148.81,139.74,148.57,121.78
Gene4629,uc968117.2;uc835184.2,121.57,127.94,139.44,146.81,137.21,133.69,122.29
Gene35437,uc570337.3,131.94,137.47,131.8,124.19,147.43,141.49,136.64
Gene22422,uc653054.1,145.95,123.81,144.32,132.1,136.3,143.87,124.46
Gene8119,uc654059.1,148.35,129.72,137.08,124.95,143.83,127.06,138.17
Gene2486,uc439256.1;uc268614.1,126.05,140.88,137.32,133.51,130.2,125.02,123.21
Gene42881,uc205225.1;uc877405.3,120.09,145.55,144.68,134.66,129.17,120.5,140.4
Gene22131,uc960249.1;uc509519.2,136.56,121.41,146.71,143.28,142.05,121.18,132.79
Gene22987,uc860838.1;uc849970.3,147.68,128.37,128.9,147.5,141.05,130.59,143.75
Gene9265,uc387530.1,125.45,124.91,146.55,136.21,146.5,137.06,127.55
Gene25955,uc652560.3,133.09,133.25,147.41,132.66,124.41,129.61,135.15
Gene43164,uc633142.3;uc636746.1,136.48,131.08,120.6,137.25,137.17,134.82,143.67
Gene41904,uc637325.3;uc453434.2,122.83,130.04,131.15,127.75,133.91,135.86,137.27
Gene5644,uc873759.1;uc986412.2,143.45,139.47,135.27,136.67,147.27,129.99,146.3
Gene12865,uc818369.1;uc811714.1,141.39,143.54,138.77,134.84,140.15,121.95,138.13
Gene23065,uc560651.1;uc954577.2,131.16,120.62,128.42,141,133.42,133.6,149.6
Gene2984,uc906090.3,129.04,124.26,138.41,124.51,133.01,146.86,120.26
Gene49077,uc385476.3,143.89,128.17,129.78,131.79,145.09,144.17,138.4
Gene28277,uc640626.1;uc935637.2,141.66,130.58,120.65,138.16,138.5,123.3,137.87
Gene38895,uc237014.2,141.34,129.24,125.52,125.72,141.99,136.89,138.98
Gene17839,uc774305.2;uc258177.2,125.92,149.56,147.23,122.36,140.66,122.15,120.04
Gene36784,uc130114.3;uc876220.3,123.01,144.36,120.82,139.2,134.57,138.09,132
Gene31021,uc499506.3,144.02,140.04,143.83,120.42,126.12,141.18,123.79
Gene26527,uc191910.3,136.8,130.65,137.73,136.6,141.98,135.41,148.57
Gene21284,uc271486.1;uc615762.3,148.7,147.89,132.03,146.59,145.72,121.69,124.97
Gene25297,uc807096.1;uc431929.3,138.89,147.29,143.96,130.81,139.67,123.12,136.89
Gene42680,uc939710.3,148.75,122.67,140.34,132.63,130.23,145.94,122.75
Gene40337,uc779445.2,147.39,129.3,132.62,142.79,132.35,147.83,147.47
Gene15168,uc884358.2,149.2,142.27,132.27,137.85,123.97,120.42,126.98
Gene12626,uc786494.1,149.32,137.26,135.78,147.11,140.08,129.65,120.74
Gene2905,uc946614.3,144.93,141.16,144.3,148.6,138.56,149,148.11
Gene4498,uc426939.1;uc390546.1,126.84,149.86,137.22,120.7,130.63,142.95,136.69
Gene50202,uc744593.1;uc471840.3,135.9,134.09,125.09,136.11,138.1,139.61,128.7
Gene27216,uc616271.1;uc832951.2,136.82,143.58,144.58,133.55,141.76,149.63,130.1
Gene42947,uc533153.1;uc935329.2,129.9,140.24,130.44,136.36,143.02,133.29,137.22
Gene23629,uc853511.1,149.86,147.55,126.69,127.22,143.78,124.86,138.17
Gene33246,uc117331.1,138.96,131.31,140.52,132.72,123.08,132.61,126.14
Gene14928,uc291991.3,121.76,131.99,140.62,123.03,139.3,132.59,132.35
Gene18706,uc433083.1,147.99,137.05,129.09,146.68,122.3,146.58,134.32
Gene21767,uc394948.3;uc823986.1,144.77,132.93,139.38,133.91,123.66,127.79,140.11
Gene43037,uc983824.2,133.84,144.3,131.74,147.07,138.01,120.05,128.05
Gene35552,uc375469.1,120.23,148.38,146.51,135.54,129.18,138.12,133.35
Gene26740,uc106290.3;uc208278.2,144.48,130.27,135.06,145.25,139.86,139.87,146.53
Gene39956,uc793776.2,122.59,144.34,124.28,134.61,149.85,147.2,141.25
Gene10776,uc214482.2,122.18,124.61,130.66,130.73,127.22,133.66,121.15
Gene17353,uc854362.1;uc866726.3,134.47,137.16,132.77,140.37,124.17,122.95,147.72
Gene41703,uc321345.1,131.08,135.68,135.02,141.86,135.71,141.03,146.4
Gene23124,uc452670.3,133.8,147.53,132.89,140.42,145.4,121.99,142.42
Gene19482,uc337820.3;uc677550.3,146.3,132.82,140.07,149.26,138.66,146.46,124.29
Gene45838,uc691667.1;uc626960.1,138.08,127.97,136.08,128.76,120.36,149.28,147.82
Gene26442,uc982795.3,135.18,122.34,143.56,132.16,142.85,131.35,129.95
Gene30374,uc728750.1,120.03,124.78,141.52,142.15,144.94,148.44,130.58
Gene43601,uc124065.1,148.32,123.96,146.14,149.27,142.31,141.74,122.05
Gene26798,uc732783.3,147.31,132.98,121.11,125.36,121.53,138.78,138.98
Gene39982,uc300882.1;uc268743.3,135.35,126.16,144,125.74,121.8,127.19,120.95
Gene38629,uc703492.3,130.88,123.67,148.95,132.01,136.34,130.37,132.85
Gene44197,uc295755.2;uc541164.1,138.82,131.78,124.69,132.59,139.63,145.16,141.35
Gene26821,uc329376.3,145.9,141.5,131.1,143.25,149.04,125.25,125.42
Gene30638,uc632481.2;uc678699.1,145.02,136.96,138.31,120.15,141.74,149.72,135.14
Gene45504,uc898543.2;uc266512.3,147.86,138.62,123.18,124.45,125.49,148.73,148.69
Gene30083,uc277164.2,149.97,145.27,128.84,133.16,143.59,131.73,143.73
Gene34638,uc175584.3,130.15,126.12,130.71,134.88,147.18,125.08,129.52
Gene25593,uc751388.1,138.25,147.75,129.21,136.91,124.15,140.06,143.63
Gene33823,uc686764.3,143.62,132.88,121.85,134.69,136.61,128.68,148.47
Gene5185,uc686973.2;uc887391.2,132.41,148.3,138.49,121.53,126.93,142.12,138.14
Gene12102,uc182925.2,142.37,130.77,139.12,122.45,144.64,133.51,120.33
Gene44710,uc214842.2,131.53,136.36,145.05,120.96,148.94,143.57,142.6
Gene4740,uc882508.3;uc264188.1,149.89,130.16,132.92,131.51,126.92,120.09,123.27
Gene24695,uc976860.2,125.37,140.51,128.59,130.49,121.59,120.86,137.67
Gene38279,uc913643.2,140.44,129.38,139.86,120.94,142.09,146.28,137.61
Gene11197,uc521336.2,141.92,137.54,144.34,140.1,129.52,136.06,129.2
Gene18578,uc184944.1;uc884265.1,120.92,137.31,127.65,142.51,144.59,133.9,134.06
Gene28238,uc394898.3,145.94,146.22,126.26,145.54,137.37,148.96,147.22
Gene38736,uc633623.2,146.62,122.07,142.7,130.42,148.98,127.84,125.14
Gene18049,uc447273.3,123.87,144.36,124.94,128.04,142.66,132.42,126.35
Gene48415,uc956287.3,144.67,147.83,121.05,125.16,132.25,131.35,121.16
Gene41136,uc100750.3,129.11,147.1,129.84,144.73,125.61,126.09,149.93
Gene45179,uc841320.1;uc103407.3,134.28,145.86,137.84,142.63,138.32,146.41,144.35
Gene25528,uc603765.3;uc866202.1,131.11,127.8,130.12,135.14,126.16,145.14,145.9
Gene3249,uc653339.2,128.27,139.13,143.63,130.95,123.8,140.28,121.29
Gene39671,uc299837.1,127.71,121.34,139.64,144.42,146.23,125.71,130.73
Gene39730,uc188880.2,146.37,123.66,148.97,142.35,141.05,136.34,135.63
Gene40910,uc126312.3,147.61,139.25,139.18,134.12,120.51,138.61,143.82
Gene9147,uc706341.3,128.1,129.14,122.9,149.69,145.84,124.64,129.02
Gene45015,uc747513.3;uc481602.3,126.4,145.59,135.46,137.62,148.7,144.09,130.33
Gene3335,uc696082.3;uc570768.1,147.69,124.71,127.87,124.99,140.39,133.34,127.11
Gene13866,uc349267.2;uc916481.1,123.37,129.4,146.77,139.61,130.56,137.96,140.81
Gene1359,uc942615.1,131.43,135.4,130.23,124.83,137.63,140.86,121.59
Gene14330,uc243201.1;uc391891.3,123.12,147.32,132.11,128.33,138.08,146.7,130.31
Gene27492,uc733912.3;uc622709.1,123.48,127.67,148.33,145.69,121.77,149.63,148.34
Gene46772,uc670478.1,124.61,142.17,139.34,145.12,121.67,145.75,124.55
Gene41383,uc323336.3;uc238527.1,125.98,146.31,121.7,138.26,147.01,135.04,148.53
Gene31463,uc927153.2,129.28,128.98,135.47,122.6,120.29,120.75,121.32
Gene10917,uc510281.1,124.65,137.57,146.92,132.27,136.2,148.55,149.33
Gene17592,uc621141.1;uc259182.1,148.4,145.89,123.97,138.53,127.57,129.98,145.16
Gene30181,uc101925.1,141.43,128.58,137.59,123.68,147.69,141.2,138.93
Gene37623,uc374750.2,140,149.41,120.82,149.23,122.54,123.14,141.78
Gene12480,uc187833.1,144.09,123.15,123.95,129.15,148.96,144.77,135.13
Gene21342,uc514291.1,142.29,130.61,141.33,145.7,125.24,134.93,123.16
Gene37844,uc419394.3,122.12,137.81,140.92,144.48,120.73,132.88,133.01
Gene22713,uc603394.3,125.79,131.51,130.94,124.79,133.42,121.95,125.67
Gene13538,uc642295.3;uc152888.3,134.96,146.1,137.19,141.89,123,144.25,144.42
Gene32752,uc845047.3,137.55,129.44,128.96,146.82,121.35,141.76,137.36
Gene32772,uc509728.3,139.31,125.81,131.26,123.3,134.84,128.96,121.8
Gene16187,uc615849.1,142.16,129.11,132.62,123.56,121.79,142.1,129.96
Gene37166,uc917696.3,125.11,140.44,126.65,136.99,142.22,126.52,126.71
Gene34740,uc845877.1,127.73,147.39,143.17,141.54,138.12,140.87,131.72
Gene8282,uc429947.1,132.03,146.51,120.73,125.14,137.61,141.14,133.89
Gene8163,uc150504.2,120.37,132.88,149.52,131.07,123.53,133.79,134.95
Gene11116,uc644797.1,143.72,131.46,143.9,146.16,144,133.79,142.63
Gene5442,uc768645.1,145.68,131.62,121.21,121.45,145.35,135.75,135.96
Gene28563,uc616943.2;uc607040.1,134.17,134.35,124.76,131.14,148.61,133.19,135.37
Gene6781,uc791680.1,123.89,133.4,129.46,146.6,123.71,146.71,125.14
Gene8928,uc731421.3,136.01,137.72,136.23,141.18,147.19,120.13,133.53
Gene40210,uc591847.1,133.76,136.68,135.68,131.9,145.89,131.32,125.36
Gene34373,uc432633.1,125.26,142.22,120.82,144.6,149.84,149.25,132.23
Gene24250,uc947040.1,131.25,139.64,145.29,124.11,125.25,128.7,143.54
Gene6157,uc101152.3,145.65,142.38,139.53,139.88,131.6,136.05,123.46
Gene44489,uc769467.3,139.19,131.25,136.49,134.87,136.15,138.91,124.99
Gene35802,uc347881.2;uc164189.3,145.52,135.16,123.75,131.39,129.17,149.57,146.97
Gene16472,uc985430.3,139.91,133.31,120.44,148.55,126.8,123.38,136.57
Gene37413,uc861323.1;uc357858.2,148.08,144.62,125.85,126.82,134.28,129.82,144.98
Gene36036,uc757114.2;uc719546.3,132.25,148.69,125.26,137.91,133.61,134.26,142.92
Gene9435,uc307268.2;uc364573.1,134.5,148.89,144.92,145.8,135.82,135.65,144.54
Gene30837,uc212999.1,126.57,133.36,138.99,146.02,132.8,128.42,131.9
Gene41761,uc344023.3,145.67,147,126.59,131.27,132.9,130.42,128.31
Gene41738,uc877867.1;uc116618.1,122.66,138.23,124.41,132.67,131.67,137,127.57
Gene39473,uc965689.2,137.43,130.87,121.5,139.25,130.83,121.62,129.37
Gene13922,uc514173.3;uc477951.1,129.19,132.98,149.84,135.6,123.49,124.4,145.82
Gene18400,uc755475.3,120.46,129.07,142.31,146.64,126.69,145.24,147.06
Gene8302,uc359087.1;uc727225.2,127.96,128.78,143.8,145.76,133.34,37.47,125.32
Gene6324,uc530102.1,144.59,126.98,140.07,128.01,130.82,123.53,126.57
Gene8905,uc185084.2,144.94,145.86,129.08,134.07,123.03,146.39,143.21
Gene1846,uc595956.2;uc721039.3,121.4,123.07,143.91,141.91,144.1,140.42,145.32
Gene12226,uc280426.1,134.84,148.74,145.69,121.3,120.19,121.18,147.56
Gene14974,uc144162.2,132.13,133.29,146.63,128.52,131.2,143.92,121.67
Gene4009,uc505728.2,146.84,148.54,137.25,147.91,139.21,128.78,134.12
Gene25074,uc543059.2,138.94,138.53,141.81,130.09,140.34,136.01,146.53
Gene7707,uc535645.1;uc801143.2,139.55,137.07,128.25,134.39,122.46,133.64,129.31
Gene13356,uc307005.3;uc325102.1,125.84,130.52,134.21,145.09,148.74,142.59,135.87
Gene7985,uc640059.1,128.84,146.42,148.7,121.68,148.98,137.56,134.02
Gene34517,uc848235.3;uc473619.3,139.66,148.02,144.74,140.01,135.04,144.36,130.5
Gene34601,uc353380.3,127.9,147.26,126.44,145.05,126.01,146.2,123.7
Gene41249,uc490107.3,135.11,126.48,124.9,141.38,141.27,148.32,122.48
Gene45787,uc218831.3,141.28,134.19,136.22,136.33,142.83,124.44,131.48
Gene22874,uc936842.3,131.69,128.77,130.11,130.61,137.28,135.66,123.81
Gene23103,uc506931.2,120.6,121.86,120.49,120.86,123.79,146.87,145.43
Gene18589,uc679940.2,140.87,143.92,135.88,128.54,124.41,137.13,129.93
Gene14332,uc266659.1;uc393564.3,123,134.91,128.65,128.43,133.61,143.54,129.43
Gene15195,uc827382.1;uc431116.2,143.58,138.44,143.44,120.92,128.54,128.07,136.03
Gene42893,uc526396.1,142.22,133.28,130.88,133.79,122.55,126.77,122.34
Gene23723,uc752311.1,142.82,130.45,145.54,123.49,122.32,149.6,145.6
Gene27692,uc372263.1;uc420080.2,142.98,128.35,147.32,131.78,122.37,132.6,133.51
Gene44274,uc595041.3,146.5,143.81,129.4,139.01,146.37,120.56,133.08
Gene50618,uc465480.2;uc422670.1,127.26,124.71,125.26,134.77,147.1,122.87,145.67
Gene47143,uc527178.3;uc188268.3,141.97,141.68,141.07,135.31,149.02,129.41,144.17
Gene2446,uc882747.1;uc813583.3,121.78,132,149.48,139.01,147.31,146.37,126.56
Gene34270,uc728320.3,136.76,145.87,145.19,140.99,138.86,148.09,143.43
Gene50937,uc695820.1,136.4,146.04,122.93,148.56,148.76,120.7,145.64
Gene3679,uc985181.1;uc356338.1,136.2,129.97,137.89,126.12,149.99,142.33,141.79
Gene13933,uc183811.1,130.39,132.7,136.09,123.35,128.32,122.7,136
Gene31292,uc830270.2,131.26,138.31,127.92,145.05,134.85,121.6,128.9
Gene27515,uc684935.3;uc607426.1,145.29,143.83,142.73,123.87,133.96,149.97,146.16
Gene37743,uc854646.3;uc279514.1,123.21,133.64,135.06,143.42,133.37,130.11,141.85
Gene5372,uc833437.3,149.99,134.02,127.12,127.26,125.31,135.92,139.37
Gene46098,uc749899.2,142.9,133.67,122.15,143.98,142.95,130.87,121.93
Gene26264,uc701154.3;uc820960.2,127.95,134.55,129.86,120.29,123.53,149.19,134.37
Gene11395,uc415780.2,145.19,145.5,148.21,142.84,123.39,127.55,139.07
Gene26193,uc290865.3;uc579151.2,137.06,136.3,125.15,120.54,123.85,139.99,130.6
Gene5623,uc139430.1,129.2,132.18,137.97,125.4,144.74,138.51,130.25
Gene2812,uc637314.2,143.57,147.89,140.11,120.52,134.51,120.18,124.56
Gene20600,uc893085.2;uc819017.1,144.75,124.72,131.28,143.47,135.24,133.98,123.06
Gene7908,uc474714.2,143.32,141.21,147.79,121.5,122.31,134.95,141.34
Gene40639,uc649835.3,128.68,138.82,128.93,132.05,144.89,140.3,130.65
Gene31284,uc989223.2,134.03,144.76,138.8,149.35,128.86,129.96,124.98
Gene35616,uc314554.1,126.88,140.94,146.61,139.7,120.39,136.89,126.61
Gene1762,uc923852.3,146.69,127.31,147.72,143.26,144.59,145.64,148.62
Gene28287,uc925481.2;uc808788.3,132.09,137.14,138.91,141.53,142.29,132.01,120.92
Gene24964,uc815387.2,133.76,129.16,132.21,133.4,138.22,128.58,138.97
Gene32817,uc651367.2;uc804880.3,123.63,122.91,142.86,131.05,128.88,138.33,124.73
Gene31760,uc182324.2;uc753888.2,149.31,120.18,148.82,140.75,145.54,122.77,143.94
Gene29886,uc535603.3;uc907829.3,129.45,147.17,121.29,142.82,122.21,126.78,143.93
Gene15735,uc917370.1,132.41,134,148.81,138.2,141.88,127.47,124.99
Gene37939,uc179579.3;uc577726.1,141.55,142.15,137.32,129.5,134.4,125.26,130.78
Gene41523,uc839457.3;uc492084.1,120.09,148.82,126.82,132.68,145.35,121.03,125.29
Gene31427,uc608220.1,135.42,145.96,125.32,147.98,128.75,126.5,121.76
Gene24791,uc644480.2,145.64,128.47,142.57,129.57,149.16,148.2,145.24
Gene1010,uc835687.2,128.64,124.25,123.32,124.65,136.34,136.38,131.24
Gene44995,uc914791.1,130.38,142.33,121.71,148.81,139.64,136.05,143.76
Gene42902,uc838292.1,147.59,120.74,146.99,124.54,136.3,133.36,144.31
Gene33464,uc173997.2,141.13,140.44,140.22,134.34,131.63,121.06,140.36
Gene24895,uc346385.2,138.07,143.44,127.49,136.03,140.88,147.86,144.94
Gene33214,uc264381.2,126.19,124.72,142.14,148.55,149.49,143.31,148.42
Gene22784,uc187597.3,142.84,138.33,133.75,120.64,140.91,148.86,132.41
Gene26110,uc808221.2;uc506356.1,129.06,137.29,146.44,138.08,147.85,136.65,135.91
Gene22723,uc768694.1,131.95,133.29,120.37,137.84,121.39,131.69,121.87
Gene27639,uc846494.3;uc880254.1,143.1,139.61,122.71,120.3,140.93,135.29,125.89
Gene44715,uc327835.2;uc712633.1,126.14,126.16,127.45,131.31,133.12,127.01,141.52
Gene16959,uc924217.3,127.92,131.64,139.31,135.55,128.08,130.71,126.57
Gene10575,uc824458.1,130.35,123.05,123.53,139.67,130.7,128.05,124.07
Gene26910,uc218331.3;uc310657.3,123.68,124.21,126.17,149.84,124.04,148.1,134.9
Gene16063,uc518501.3,138.4,128.08,132.34,124.32,145.24,135.6,125.54
Gene1102,uc783920.2,141.7,126.13,133.94,131.2,120.43,123.5,132.83
Gene18574,uc162251.1,127.09,126.31,146.5,148.18,142.17,146.13,131.11
Gene23773,uc478972.1;uc491891.3,144.45,130.2,125.62,136.66,146.29,127.44,137.73
Gene10855,uc519479.2,126.23,148.75,122.23,141.75,142.39,135.05,129.02
Gene5137,uc533588.3;uc616595.2,133.1,138.21,143.58,127.79,135.87,133.74,130.66
Gene42491,uc619356.1;uc562823.3,127.58,145.84,146.2,148.63,141.03,133.06,149.09
Gene45552,uc165925.2,145.28,138.03,146.27,142.08,123.15,123.23,137.47
Gene1070,uc484817.1,120.09,120.96,136.01,124.44,140.44,127.7,138.72
Gene47544,uc895396.1,120.47,147.04,140.07,121.9,143.16,144.9,131.44
Gene22363,uc140675.2,128.98,128.35,137.36,134.34,132.13,127.25,131.86
Gene50794,uc969170.1,129.16,141.33,146.26,128.87,132.47,127.68,135.87
Gene6032,uc296442.2,147.99,136.79,143.3,124.26,133.68,147.66,149.13
Gene32012,uc591568.3,133.36,131.95,125.29,127.77,142.19,127.44,130.73
Gene31799,uc164730.3,146.14,148.38,122.17,125.86,138.27,126.97,122.41
Gene36750,uc595245.1,148.06,121.37,144.4,128.9,134.25,131.16,135.67
Gene25526,uc322313.3,121.58,137.73,144.59,138,130.29,132.95,145.16
Gene16860,uc111788.3;uc687550.1,146.33,146.28,145.19,133.85,130.19,144.7,149.57
Gene32200,uc629063.2,138.66,131,147.04,149.33,134.32,133.23,145.77
Gene1271,uc386415.1,143.04,135.79,133.47,136.03,127.46,147.71,128.78
Gene9275,uc365824.1;uc758129.1,149.01,124.38,130.88,138.02,142.53,134.84,147.01
Gene50291,uc563869.3;uc998352.3,135.5,145.76,139.47,146.67,135.34,146.76,129.86
Gene38712,uc360488.2,131.73,144.89,126.79,147.28,138.26,134.86,148.94
Gene22018,uc870408.2,138.13,134.08,121.75,127.41,147.58,148.55,134.09
Gene41129,uc225684.1;uc227896.3,124.65,120.24,133.09,148.93,128.77,129.93,133.93
Gene47639,uc159774.3;uc303171.2,127.32,147.78,147.99,121.42,141.61,122.91,140.13
Gene16920,uc304358.2;uc185176.3,132.69,143.7,123.06,126.53,132.31,143.38,137.04
Gene12014,uc533761.1,142.33,144.75,126.23,126.33,127.22,147.24,145.81